observation_id,event_id,location_name_raw,depth_text_raw,traffic_text_raw,depth_min_cm,depth_max_cm,traffic_status,observed_at_local,as_of_local,is_flooded,source_grade,source_publisher,source_url,source_visualisation_id,source_visualisation_version,source_updated_at_utc
VNE_20251007_001,hanoi_matmo_2025_10_07,Nhánh 2 đường gom cao tốc Hà Nội - Hải Phòng,10 cm,"Lúc 10h0 nước đã rút, các phương tiện lưu thông bình thường",10,10,receded,2025-10-07T10:00:00+07:00,2025-10-07T10:00:00+07:00,False,B,VnExpress,https://vnexpress.net/ha-noi-mua-lon-nhieu-tuyen-pho-nguy-co-ngap-4948058.html,25498819,141,2025-10-07T04:14:14.057000+00:00
VNE_20251007_002,hanoi_matmo_2025_10_07,ĐLTL đoạn Km 8+200,20 cm,Lúc 6h30 các phương tiện lưu thông chậm,20,20,slow,2025-10-07T06:30:00+07:00,2025-10-07T10:00:00+07:00,True,B,VnExpress,https://vnexpress.net/ha-noi-mua-lon-nhieu-tuyen-pho-nguy-co-ngap-4948058.html,25498819,141,2025-10-07T04:14:14.057000+00:00
VNE_20251007_003,hanoi_matmo_2025_10_07,ĐLTL đoạn hầm chui số 9,10 cm,Lúc 6h30 các phương tiện lưu thông chậm,10,10,slow,2025-10-07T06:30:00+07:00,2025-10-07T10:00:00+07:00,True,B,VnExpress,https://vnexpress.net/ha-noi-mua-lon-nhieu-tuyen-pho-nguy-co-ngap-4948058.html,25498819,141,2025-10-07T04:14:14.057000+00:00
VNE_20251007_004,hanoi_matmo_2025_10_07,ĐLTL đoạn hầm chui số 5,10 cm,Lúc 6h30 các phương tiện lưu thông chậm,10,10,slow,2025-10-07T06:30:00+07:00,2025-10-07T10:00:00+07:00,True,B,VnExpress,https://vnexpress.net/ha-noi-mua-lon-nhieu-tuyen-pho-nguy-co-ngap-4948058.html,25498819,141,2025-10-07T04:14:14.057000+00:00
VNE_20251007_005,hanoi_matmo_2025_10_07,ĐLTL đoạn hầm chui số 6,10 cm,Lúc 6h30 các phương tiện lưu thông chậm,10,10,slow,2025-10-07T06:30:00+07:00,2025-10-07T10:00:00+07:00,True,B,VnExpress,https://vnexpress.net/ha-noi-mua-lon-nhieu-tuyen-pho-nguy-co-ngap-4948058.html,25498819,141,2025-10-07T04:14:14.057000+00:00
VNE_20251007_006,hanoi_matmo_2025_10_07,ĐLTL đoạn km 9+400 đường gom phải,10 cm,Lúc 6h30 các phương tiện lưu thông chậm,10,10,slow,2025-10-07T06:30:00+07:00,2025-10-07T10:00:00+07:00,True,B,VnExpress,https://vnexpress.net/ha-noi-mua-lon-nhieu-tuyen-pho-nguy-co-ngap-4948058.html,25498819,141,2025-10-07T04:14:14.057000+00:00
VNE_20251007_007,hanoi_matmo_2025_10_07,Đường QL32: Km14+500,10 cm,Lúc 6h30 các phương tiện lưu thông chậm,10,10,slow,2025-10-07T06:30:00+07:00,2025-10-07T10:00:00+07:00,True,B,VnExpress,https://vnexpress.net/ha-noi-mua-lon-nhieu-tuyen-pho-nguy-co-ngap-4948058.html,25498819,141,2025-10-07T04:14:14.057000+00:00
VNE_20251007_008,hanoi_matmo_2025_10_07,Đường QL32: Km17+700,15 cm,Lúc 6h30 các phương tiện lưu thông chậm,15,15,slow,2025-10-07T06:30:00+07:00,2025-10-07T10:00:00+07:00,True,B,VnExpress,https://vnexpress.net/ha-noi-mua-lon-nhieu-tuyen-pho-nguy-co-ngap-4948058.html,25498819,141,2025-10-07T04:14:14.057000+00:00
VNE_20251007_009,hanoi_matmo_2025_10_07,Đường 423:Cầu Trũng Vỡ: Km3+164,15 cm,Lúc 6h30 các phương tiện lưu thông chậm,15,15,slow,2025-10-07T06:30:00+07:00,2025-10-07T10:00:00+07:00,True,B,VnExpress,https://vnexpress.net/ha-noi-mua-lon-nhieu-tuyen-pho-nguy-co-ngap-4948058.html,25498819,141,2025-10-07T04:14:14.057000+00:00
VNE_20251007_010,hanoi_matmo_2025_10_07,Nguyễn Đình Chiểu,20-30 cm,Lúc 6h30 các phương tiện lưu thông chậm,20,30,slow,2025-10-07T06:30:00+07:00,2025-10-07T10:00:00+07:00,True,B,VnExpress,https://vnexpress.net/ha-noi-mua-lon-nhieu-tuyen-pho-nguy-co-ngap-4948058.html,25498819,141,2025-10-07T04:14:14.057000+00:00
VNE_20251007_011,hanoi_matmo_2025_10_07,Đường Phạm Hùng (đoạn giáp cầu vượt Mai Dịch),Khoảng 30 cm,Lúc 6h30 các phương tiện lưu thông chậm,30,30,slow,2025-10-07T06:30:00+07:00,2025-10-07T10:00:00+07:00,True,B,VnExpress,https://vnexpress.net/ha-noi-mua-lon-nhieu-tuyen-pho-nguy-co-ngap-4948058.html,25498819,141,2025-10-07T04:14:14.057000+00:00
VNE_20251007_012,hanoi_matmo_2025_10_07,Phố Trần Bình (đoạn Bệnh Viện 19-8),Khoảng 35 cm,Lúc 6h30 các phương tiện lưu thông chậm,35,35,slow,2025-10-07T06:30:00+07:00,2025-10-07T10:00:00+07:00,True,B,VnExpress,https://vnexpress.net/ha-noi-mua-lon-nhieu-tuyen-pho-nguy-co-ngap-4948058.html,25498819,141,2025-10-07T04:14:14.057000+00:00
VNE_20251007_013,hanoi_matmo_2025_10_07,Đại lộ Thăng Long (đoạn Km5+700 hai bên đường gom),Khoảng 35 cm,Lúc 6h30 các phương tiện lưu thông chậm,35,35,slow,2025-10-07T06:30:00+07:00,2025-10-07T10:00:00+07:00,True,B,VnExpress,https://vnexpress.net/ha-noi-mua-lon-nhieu-tuyen-pho-nguy-co-ngap-4948058.html,25498819,141,2025-10-07T04:14:14.057000+00:00
VNE_20251007_014,hanoi_matmo_2025_10_07,Phố Triều Khúc (đoạn ngõ 66 đến đình làng Triều Khúc),Khoảng 25 cm,Lúc 6h30 các phương tiện lưu thông chậm,25,25,slow,2025-10-07T06:30:00+07:00,2025-10-07T10:00:00+07:00,True,B,VnExpress,https://vnexpress.net/ha-noi-mua-lon-nhieu-tuyen-pho-nguy-co-ngap-4948058.html,25498819,141,2025-10-07T04:14:14.057000+00:00
VNE_20251007_015,hanoi_matmo_2025_10_07,Đường Hồ Mễ Trì (đoạn cách Lương Thế Vinh 100m),Khoảng 20 cm,Lúc 6h30 các phương tiện lưu thông chậm,20,20,slow,2025-10-07T06:30:00+07:00,2025-10-07T10:00:00+07:00,True,B,VnExpress,https://vnexpress.net/ha-noi-mua-lon-nhieu-tuyen-pho-nguy-co-ngap-4948058.html,25498819,141,2025-10-07T04:14:14.057000+00:00
VNE_20251007_016,hanoi_matmo_2025_10_07,Đường Lương Thế Vinh (đoạn SN 499),Khoảng 15 cm,Lúc 6h30 các phương tiện lưu thông chậm,15,15,slow,2025-10-07T06:30:00+07:00,2025-10-07T10:00:00+07:00,True,B,VnExpress,https://vnexpress.net/ha-noi-mua-lon-nhieu-tuyen-pho-nguy-co-ngap-4948058.html,25498819,141,2025-10-07T04:14:14.057000+00:00
VNE_20251007_017,hanoi_matmo_2025_10_07,Đường Tây Mỗ (đoạn từ UBND phường Tây Mỗ-ngõ 127),Khoảng 25 cm,Lúc 6h30 các phương tiện lưu thông chậm,25,25,slow,2025-10-07T06:30:00+07:00,2025-10-07T10:00:00+07:00,True,B,VnExpress,https://vnexpress.net/ha-noi-mua-lon-nhieu-tuyen-pho-nguy-co-ngap-4948058.html,25498819,141,2025-10-07T04:14:14.057000+00:00
VNE_20251007_018,hanoi_matmo_2025_10_07,Phố Miêu Nha (đoạn từ đường tàu - lối vào công nghệ cao),Khoảng 20 cm,Lúc 6h30 các phương tiện lưu thông chậm,20,20,slow,2025-10-07T06:30:00+07:00,2025-10-07T10:00:00+07:00,True,B,VnExpress,https://vnexpress.net/ha-noi-mua-lon-nhieu-tuyen-pho-nguy-co-ngap-4948058.html,25498819,141,2025-10-07T04:14:14.057000+00:00
VNE_20251007_019,hanoi_matmo_2025_10_07,Phố Do Nha (đoạn cổng chào),Khoảng 20 cm,Lúc 6h30 các phương tiện lưu thông chậm,20,20,slow,2025-10-07T06:30:00+07:00,2025-10-07T10:00:00+07:00,True,B,VnExpress,https://vnexpress.net/ha-noi-mua-lon-nhieu-tuyen-pho-nguy-co-ngap-4948058.html,25498819,141,2025-10-07T04:14:14.057000+00:00
VNE_20251007_020,hanoi_matmo_2025_10_07,Phố Miêu Nha (đoạn hai bên đầu cầu Ngà),Khoảng 30 cm,Lúc 6h30 các phương tiện lưu thông chậm,30,30,slow,2025-10-07T06:30:00+07:00,2025-10-07T10:00:00+07:00,True,B,VnExpress,https://vnexpress.net/ha-noi-mua-lon-nhieu-tuyen-pho-nguy-co-ngap-4948058.html,25498819,141,2025-10-07T04:14:14.057000+00:00
VNE_20251007_021,hanoi_matmo_2025_10_07,Đường Xuân Phương (đoạn ngõ 339),Khoảng 25 cm,Lúc 6h30 các phương tiện lưu thông chậm,25,25,slow,2025-10-07T06:30:00+07:00,2025-10-07T10:00:00+07:00,True,B,VnExpress,https://vnexpress.net/ha-noi-mua-lon-nhieu-tuyen-pho-nguy-co-ngap-4948058.html,25498819,141,2025-10-07T04:14:14.057000+00:00
VNE_20251007_022,hanoi_matmo_2025_10_07,Đường Nguyễn Xuân Khoát,Khoảng 15 cm,Lúc 6h30 các phương tiện lưu thông chậm,15,15,slow,2025-10-07T06:30:00+07:00,2025-10-07T10:00:00+07:00,True,B,VnExpress,https://vnexpress.net/ha-noi-mua-lon-nhieu-tuyen-pho-nguy-co-ngap-4948058.html,25498819,141,2025-10-07T04:14:14.057000+00:00
VNE_20251007_023,hanoi_matmo_2025_10_07,Đường Trịnh Văn Bô kéo dài,Khoảng 25 cm,Lúc 6h30 các phương tiện lưu thông chậm,25,25,slow,2025-10-07T06:30:00+07:00,2025-10-07T10:00:00+07:00,True,B,VnExpress,https://vnexpress.net/ha-noi-mua-lon-nhieu-tuyen-pho-nguy-co-ngap-4948058.html,25498819,141,2025-10-07T04:14:14.057000+00:00
VNE_20251007_024,hanoi_matmo_2025_10_07,Đường Tây Tựu (giao phố Đăm),Khoảng 30 cm,Lúc 6h30 các phương tiện lưu thông chậm,30,30,slow,2025-10-07T06:30:00+07:00,2025-10-07T10:00:00+07:00,True,B,VnExpress,https://vnexpress.net/ha-noi-mua-lon-nhieu-tuyen-pho-nguy-co-ngap-4948058.html,25498819,141,2025-10-07T04:14:14.057000+00:00
VNE_20251007_025,hanoi_matmo_2025_10_07,Đường Phạm Hùng (đoạn giao Dương Đình Nghệ),Khoảng 30 cm,Lúc 6h30 các phương tiện lưu thông chậm,30,30,slow,2025-10-07T06:30:00+07:00,2025-10-07T10:00:00+07:00,True,B,VnExpress,https://vnexpress.net/ha-noi-mua-lon-nhieu-tuyen-pho-nguy-co-ngap-4948058.html,25498819,141,2025-10-07T04:14:14.057000+00:00
VNE_20251007_026,hanoi_matmo_2025_10_07,Đường Cầu Diễn (đoạn giao Trịnh Văn Bô),Khoảng 25 cm,Lúc 6h30 các phương tiện lưu thông chậm,25,25,slow,2025-10-07T06:30:00+07:00,2025-10-07T10:00:00+07:00,True,B,VnExpress,https://vnexpress.net/ha-noi-mua-lon-nhieu-tuyen-pho-nguy-co-ngap-4948058.html,25498819,141,2025-10-07T04:14:14.057000+00:00
VNE_20251007_027,hanoi_matmo_2025_10_07,Phố Thanh Lâm,Khoảng 25 cm,Lúc 6h30 các phương tiện lưu thông chậm,25,25,slow,2025-10-07T06:30:00+07:00,2025-10-07T10:00:00+07:00,True,B,VnExpress,https://vnexpress.net/ha-noi-mua-lon-nhieu-tuyen-pho-nguy-co-ngap-4948058.html,25498819,141,2025-10-07T04:14:14.057000+00:00
VNE_20251007_028,hanoi_matmo_2025_10_07,Phố Ngọa Long (đoạn giao Cầu Diễn),Khoảng 30 cm,Lúc 6h30 các phương tiện lưu thông chậm,30,30,slow,2025-10-07T06:30:00+07:00,2025-10-07T10:00:00+07:00,True,B,VnExpress,https://vnexpress.net/ha-noi-mua-lon-nhieu-tuyen-pho-nguy-co-ngap-4948058.html,25498819,141,2025-10-07T04:14:14.057000+00:00
VNE_20251007_029,hanoi_matmo_2025_10_07,Đường Phương Canh (đoạn giao Hòe Thị),Khoảng 20 cm,Lúc 6h30 các phương tiện lưu thông chậm,20,20,slow,2025-10-07T06:30:00+07:00,2025-10-07T10:00:00+07:00,True,B,VnExpress,https://vnexpress.net/ha-noi-mua-lon-nhieu-tuyen-pho-nguy-co-ngap-4948058.html,25498819,141,2025-10-07T04:14:14.057000+00:00
VNE_20251007_030,hanoi_matmo_2025_10_07,Đường Văn Tiến Dũng (đoạn giao Cầu Diễn),Khoảng 20 cm,Lúc 6h30 các phương tiện lưu thông chậm,20,20,slow,2025-10-07T06:30:00+07:00,2025-10-07T10:00:00+07:00,True,B,VnExpress,https://vnexpress.net/ha-noi-mua-lon-nhieu-tuyen-pho-nguy-co-ngap-4948058.html,25498819,141,2025-10-07T04:14:14.057000+00:00
VNE_20251007_031,hanoi_matmo_2025_10_07,Đường Hồ Tùng Mậu (đoạn giao nút Mai Dịch),Khoảng 30 cm,Lúc 6h30 các phương tiện lưu thông chậm,30,30,slow,2025-10-07T06:30:00+07:00,2025-10-07T10:00:00+07:00,True,B,VnExpress,https://vnexpress.net/ha-noi-mua-lon-nhieu-tuyen-pho-nguy-co-ngap-4948058.html,25498819,141,2025-10-07T04:14:14.057000+00:00
VNE_20251007_032,hanoi_matmo_2025_10_07,Phố Doãn Kế Thiện (giao Thần Vỹ),Khoảng 25 cm,Lúc 6h30 các phương tiện lưu thông chậm,25,25,slow,2025-10-07T06:30:00+07:00,2025-10-07T10:00:00+07:00,True,B,VnExpress,https://vnexpress.net/ha-noi-mua-lon-nhieu-tuyen-pho-nguy-co-ngap-4948058.html,25498819,141,2025-10-07T04:14:14.057000+00:00
VNE_20251007_033,hanoi_matmo_2025_10_07,Phố Kẻ Giàn (đoạn giao Phạm Văn Đồng),Khoảng 25 cm,Lúc 6h30 các phương tiện lưu thông chậm,25,25,slow,2025-10-07T06:30:00+07:00,2025-10-07T10:00:00+07:00,True,B,VnExpress,https://vnexpress.net/ha-noi-mua-lon-nhieu-tuyen-pho-nguy-co-ngap-4948058.html,25498819,141,2025-10-07T04:14:14.057000+00:00
VNE_20251007_034,hanoi_matmo_2025_10_07,Phố Phan Tây Nhạc (đoạn từ trường FPT),Khoảng 20 cm,Lúc 6h30 các phương tiện lưu thông chậm,20,20,slow,2025-10-07T06:30:00+07:00,2025-10-07T10:00:00+07:00,True,B,VnExpress,https://vnexpress.net/ha-noi-mua-lon-nhieu-tuyen-pho-nguy-co-ngap-4948058.html,25498819,141,2025-10-07T04:14:14.057000+00:00
VNE_20251007_035,hanoi_matmo_2025_10_07,Đường Lê Đức Thọ (đoạn SVĐ Mỹ Đình),Khoảng 30 cm,Lúc 6h30 các phương tiện lưu thông chậm,30,30,slow,2025-10-07T06:30:00+07:00,2025-10-07T10:00:00+07:00,True,B,VnExpress,https://vnexpress.net/ha-noi-mua-lon-nhieu-tuyen-pho-nguy-co-ngap-4948058.html,25498819,141,2025-10-07T04:14:14.057000+00:00
VNE_20251007_036,hanoi_matmo_2025_10_07,Đường Châu Văn Liêm (đoạn giao ĐL Thăng Long),Khoảng 25 cm,Lúc 6h30 các phương tiện lưu thông chậm,25,25,slow,2025-10-07T06:30:00+07:00,2025-10-07T10:00:00+07:00,True,B,VnExpress,https://vnexpress.net/ha-noi-mua-lon-nhieu-tuyen-pho-nguy-co-ngap-4948058.html,25498819,141,2025-10-07T04:14:14.057000+00:00
VNE_20251007_037,hanoi_matmo_2025_10_07,Phố Nhật Tảo (đoạn ngõ 1-39),Khoảng 25 cm,Lúc 6h30 các phương tiện lưu thông chậm,25,25,slow,2025-10-07T06:30:00+07:00,2025-10-07T10:00:00+07:00,True,B,VnExpress,https://vnexpress.net/ha-noi-mua-lon-nhieu-tuyen-pho-nguy-co-ngap-4948058.html,25498819,141,2025-10-07T04:14:14.057000+00:00
VNE_20251007_038,hanoi_matmo_2025_10_07,Phố Trần Vỹ (đoạn giao Doãn Kế Thiện),Khoảng 25 cm,Lúc 6h30 các phương tiện lưu thông chậm,25,25,slow,2025-10-07T06:30:00+07:00,2025-10-07T10:00:00+07:00,True,B,VnExpress,https://vnexpress.net/ha-noi-mua-lon-nhieu-tuyen-pho-nguy-co-ngap-4948058.html,25498819,141,2025-10-07T04:14:14.057000+00:00
VNE_20251007_039,hanoi_matmo_2025_10_07,Đường Trần Hữu Dực (giao đỗ Xuân Hợp),Khoảng 25 cm,Lúc 6h30 các phương tiện lưu thông chậm,25,25,slow,2025-10-07T06:30:00+07:00,2025-10-07T10:00:00+07:00,True,B,VnExpress,https://vnexpress.net/ha-noi-mua-lon-nhieu-tuyen-pho-nguy-co-ngap-4948058.html,25498819,141,2025-10-07T04:14:14.057000+00:00
VNE_20251007_040,hanoi_matmo_2025_10_07,Phố Nguyễn Hoàng (đoạn giao Phạm Hùng),Khoảng 25 cm,Lúc 7h00 các phương tiện lưu thông chậm,25,25,slow,2025-10-07T07:00:00+07:00,2025-10-07T10:00:00+07:00,True,B,VnExpress,https://vnexpress.net/ha-noi-mua-lon-nhieu-tuyen-pho-nguy-co-ngap-4948058.html,25498819,141,2025-10-07T04:14:14.057000+00:00
VNE_20251007_041,hanoi_matmo_2025_10_07,Đường QL2 (Km3+300-Km3+550),Khoảng 15 cm,Lúc 7h00 các phương tiện lưu thông chậm,15,15,slow,2025-10-07T07:00:00+07:00,2025-10-07T10:00:00+07:00,True,B,VnExpress,https://vnexpress.net/ha-noi-mua-lon-nhieu-tuyen-pho-nguy-co-ngap-4948058.html,25498819,141,2025-10-07T04:14:14.057000+00:00
VNE_20251007_042,hanoi_matmo_2025_10_07,Đường 23b (Km0+750-Km1+00),Khoảng 20 cm,Lúc 7h00 các phương tiện lưu thông chậm,20,20,slow,2025-10-07T07:00:00+07:00,2025-10-07T10:00:00+07:00,True,B,VnExpress,https://vnexpress.net/ha-noi-mua-lon-nhieu-tuyen-pho-nguy-co-ngap-4948058.html,25498819,141,2025-10-07T04:14:14.057000+00:00
VNE_20251007_043,hanoi_matmo_2025_10_07,Đường Cầu Bươu (đoạn ngã ba Xa La-Viện K),Khoảng 30 cm,Lúc 7h00 các phương tiện lưu thông chậm,30,30,slow,2025-10-07T07:00:00+07:00,2025-10-07T10:00:00+07:00,True,B,VnExpress,https://vnexpress.net/ha-noi-mua-lon-nhieu-tuyen-pho-nguy-co-ngap-4948058.html,25498819,141,2025-10-07T04:14:14.057000+00:00
VNE_20251007_044,hanoi_matmo_2025_10_07,Đường Phạm Tu (đoạn viện K),Khoảng 30 cm,Lúc 7h00 các phương tiện lưu thông chậm,30,30,slow,2025-10-07T07:00:00+07:00,2025-10-07T10:00:00+07:00,True,B,VnExpress,https://vnexpress.net/ha-noi-mua-lon-nhieu-tuyen-pho-nguy-co-ngap-4948058.html,25498819,141,2025-10-07T04:14:14.057000+00:00
VNE_20251007_045,hanoi_matmo_2025_10_07,Phố Cầu Cốc (đoạn ngõ 43-67),Khoảng 25 cm,Lúc 7h00 các phương tiện lưu thông chậm,25,25,slow,2025-10-07T07:00:00+07:00,2025-10-07T10:00:00+07:00,True,B,VnExpress,https://vnexpress.net/ha-noi-mua-lon-nhieu-tuyen-pho-nguy-co-ngap-4948058.html,25498819,141,2025-10-07T04:14:14.057000+00:00
VNE_20251007_046,hanoi_matmo_2025_10_07,Đường Nguyễn Huy Tưởng (đoạn giao Khuất Duy Tiến),Khoảng 20 cm,Lúc 7h00 các phương tiện lưu thông chậm,20,20,slow,2025-10-07T07:00:00+07:00,2025-10-07T10:00:00+07:00,True,B,VnExpress,https://vnexpress.net/ha-noi-mua-lon-nhieu-tuyen-pho-nguy-co-ngap-4948058.html,25498819,141,2025-10-07T04:14:14.057000+00:00
VNE_20251007_047,hanoi_matmo_2025_10_07,Đường Đại Mỗ (đoạn ngõ 24),Khoảng 15 cm,Lúc 7h00 các phương tiện lưu thông chậm,15,15,slow,2025-10-07T07:00:00+07:00,2025-10-07T10:00:00+07:00,True,B,VnExpress,https://vnexpress.net/ha-noi-mua-lon-nhieu-tuyen-pho-nguy-co-ngap-4948058.html,25498819,141,2025-10-07T04:14:14.057000+00:00
VNE_20251007_048,hanoi_matmo_2025_10_07,Phố Ngọc Trục (đoạn ngõ 31-giao Đại Mỗ),Khoảng 25 cm,Lúc 7h00 các phương tiện lưu thông chậm,25,25,slow,2025-10-07T07:00:00+07:00,2025-10-07T10:00:00+07:00,True,B,VnExpress,https://vnexpress.net/ha-noi-mua-lon-nhieu-tuyen-pho-nguy-co-ngap-4948058.html,25498819,141,2025-10-07T04:14:14.057000+00:00
VNE_20251007_049,hanoi_matmo_2025_10_07,Đường Lạc Long Quân (đoạn SN 130-giao Võng Thị),Khoảng 20 cm,Lúc 7h00 các phương tiện lưu thông chậm,20,20,slow,2025-10-07T07:00:00+07:00,2025-10-07T10:00:00+07:00,True,B,VnExpress,https://vnexpress.net/ha-noi-mua-lon-nhieu-tuyen-pho-nguy-co-ngap-4948058.html,25498819,141,2025-10-07T04:14:14.057000+00:00
VNE_20251007_050,hanoi_matmo_2025_10_07,Đường Nguyễn Trãi (đoạn đại học KHXH&NV),Khoảng 25 cm,Lúc 7h00 các phương tiện lưu thông chậm,25,25,slow,2025-10-07T07:00:00+07:00,2025-10-07T10:00:00+07:00,True,B,VnExpress,https://vnexpress.net/ha-noi-mua-lon-nhieu-tuyen-pho-nguy-co-ngap-4948058.html,25498819,141,2025-10-07T04:14:14.057000+00:00
VNE_20251007_051,hanoi_matmo_2025_10_07,Đường Thụy Khuê (đoạn dốc La Pho đến trường THPT Chu Văn An),Khoảng 30 cm,Lúc 7h00 các phương tiện lưu thông chậm,30,30,slow,2025-10-07T07:00:00+07:00,2025-10-07T10:00:00+07:00,True,B,VnExpress,https://vnexpress.net/ha-noi-mua-lon-nhieu-tuyen-pho-nguy-co-ngap-4948058.html,25498819,141,2025-10-07T04:14:14.057000+00:00
VNE_20251007_052,hanoi_matmo_2025_10_07,Đường Khuất Duy Tiến (đoạn từ giao Tố Hữu-Nguyễn Trãi),Khoảng 20 cm,Lúc 7h00 các phương tiện lưu thông chậm,20,20,slow,2025-10-07T07:00:00+07:00,2025-10-07T10:00:00+07:00,True,B,VnExpress,https://vnexpress.net/ha-noi-mua-lon-nhieu-tuyen-pho-nguy-co-ngap-4948058.html,25498819,141,2025-10-07T04:14:14.057000+00:00
VNE_20251007_053,hanoi_matmo_2025_10_07,Đường Nguyễn Xiển,Khoảng 25 cm,Lúc 7h00 các phương tiện lưu thông chậm,25,25,slow,2025-10-07T07:00:00+07:00,2025-10-07T10:00:00+07:00,True,B,VnExpress,https://vnexpress.net/ha-noi-mua-lon-nhieu-tuyen-pho-nguy-co-ngap-4948058.html,25498819,141,2025-10-07T04:14:14.057000+00:00
VNE_20251007_054,hanoi_matmo_2025_10_07,Đường Tố Hữu (ngõ 19-Lương Thế Vinh),Khoảng 25 cm,Lúc 7h00 các phương tiện lưu thông chậm,25,25,slow,2025-10-07T07:00:00+07:00,2025-10-07T10:00:00+07:00,True,B,VnExpress,https://vnexpress.net/ha-noi-mua-lon-nhieu-tuyen-pho-nguy-co-ngap-4948058.html,25498819,141,2025-10-07T04:14:14.057000+00:00
VNE_20251007_055,hanoi_matmo_2025_10_07,Đường Cổ Nhuế (đoạn SN145-205),,Lúc 7h00 các phương tiện lưu thông chậm,,,slow,2025-10-07T07:00:00+07:00,2025-10-07T10:00:00+07:00,True,B,VnExpress,https://vnexpress.net/ha-noi-mua-lon-nhieu-tuyen-pho-nguy-co-ngap-4948058.html,25498819,141,2025-10-07T04:14:14.057000+00:00
VNE_20251007_056,hanoi_matmo_2025_10_07,Đường QL3 (đoạn Km19+500),Khoảng 30 cm,Lúc 7h00 các phương tiện lưu thông chậm,30,30,slow,2025-10-07T07:00:00+07:00,2025-10-07T10:00:00+07:00,True,B,VnExpress,https://vnexpress.net/ha-noi-mua-lon-nhieu-tuyen-pho-nguy-co-ngap-4948058.html,25498819,141,2025-10-07T04:14:14.057000+00:00
VNE_20251007_057,hanoi_matmo_2025_10_07,Đường Phùng Hưng (đoạn SN20-193),Khoảng 20 cm,Lúc 7h00 các phương tiện lưu thông chậm,20,20,slow,2025-10-07T07:00:00+07:00,2025-10-07T10:00:00+07:00,True,B,VnExpress,https://vnexpress.net/ha-noi-mua-lon-nhieu-tuyen-pho-nguy-co-ngap-4948058.html,25498819,141,2025-10-07T04:14:14.057000+00:00
VNE_20251007_058,hanoi_matmo_2025_10_07,Đường Tây Thăng Long (đoạn chợ Phúc Lý),Khoảng 20 cm,Lúc 7h00 các phương tiện lưu thông chậm,20,20,slow,2025-10-07T07:00:00+07:00,2025-10-07T10:00:00+07:00,True,B,VnExpress,https://vnexpress.net/ha-noi-mua-lon-nhieu-tuyen-pho-nguy-co-ngap-4948058.html,25498819,141,2025-10-07T04:14:14.057000+00:00
VNE_20251007_059,hanoi_matmo_2025_10_07,Đường Nguyễn Tuân (đoạn giao Lê Văn Lương-Ngụy Như Kon Tum),Khoảng 20 cm,Lúc 7h00 các phương tiện lưu thông chậm,20,20,slow,2025-10-07T07:00:00+07:00,2025-10-07T10:00:00+07:00,True,B,VnExpress,https://vnexpress.net/ha-noi-mua-lon-nhieu-tuyen-pho-nguy-co-ngap-4948058.html,25498819,141,2025-10-07T04:14:14.057000+00:00
VNE_20251007_060,hanoi_matmo_2025_10_07,Phố Trung Kiên (đoạn Đình Đăm),Khoảng 20 cm,Lúc 7h00 các phương tiện lưu thông chậm,20,20,slow,2025-10-07T07:00:00+07:00,2025-10-07T10:00:00+07:00,True,B,VnExpress,https://vnexpress.net/ha-noi-mua-lon-nhieu-tuyen-pho-nguy-co-ngap-4948058.html,25498819,141,2025-10-07T04:14:14.057000+00:00
VNE_20251007_061,hanoi_matmo_2025_10_07,Đường Xuân La (đoạn Võ Chí Công-Xuân Đỉnh),Khoảng 20 cm,Lúc 7h00 các phương tiện lưu thông chậm,20,20,slow,2025-10-07T07:00:00+07:00,2025-10-07T10:00:00+07:00,True,B,VnExpress,https://vnexpress.net/ha-noi-mua-lon-nhieu-tuyen-pho-nguy-co-ngap-4948058.html,25498819,141,2025-10-07T04:14:14.057000+00:00
VNE_20251007_062,hanoi_matmo_2025_10_07,Phố Phan Văn Trường (đoạn SN103-ngõ 54),Khoảng 30 cm,Lúc 7h00 các phương tiện lưu thông chậm,30,30,slow,2025-10-07T07:00:00+07:00,2025-10-07T10:00:00+07:00,True,B,VnExpress,https://vnexpress.net/ha-noi-mua-lon-nhieu-tuyen-pho-nguy-co-ngap-4948058.html,25498819,141,2025-10-07T04:14:14.057000+00:00
VNE_20251007_063,hanoi_matmo_2025_10_07,Gầm cầu Thăng Long đi Vực Dê,Khoảng 30 cm,Lúc 7h00 các phương tiện lưu thông chậm,30,30,slow,2025-10-07T07:00:00+07:00,2025-10-07T10:00:00+07:00,True,B,VnExpress,https://vnexpress.net/ha-noi-mua-lon-nhieu-tuyen-pho-nguy-co-ngap-4948058.html,25498819,141,2025-10-07T04:14:14.057000+00:00
VNE_20251007_064,hanoi_matmo_2025_10_07,Đường Mễ Trì (đoạn giao Phạm Hùng),Khoảng 30 cm,Lúc 7h00 các phương tiện lưu thông chậm,30,30,slow,2025-10-07T07:00:00+07:00,2025-10-07T10:00:00+07:00,True,B,VnExpress,https://vnexpress.net/ha-noi-mua-lon-nhieu-tuyen-pho-nguy-co-ngap-4948058.html,25498819,141,2025-10-07T04:14:14.057000+00:00
VNE_20251007_065,hanoi_matmo_2025_10_07,Đường Mê Linh: Km6+200 - Km7+00,10-12  cm (giáp phía hè đường),Lúc 7h00 các phương tiện lưu thông chậm,10,12,slow,2025-10-07T07:00:00+07:00,2025-10-07T10:00:00+07:00,True,B,VnExpress,https://vnexpress.net/ha-noi-mua-lon-nhieu-tuyen-pho-nguy-co-ngap-4948058.html,25498819,141,2025-10-07T04:14:14.057000+00:00
VNE_20251007_066,hanoi_matmo_2025_10_07,Đường Mê Linh: Km4+600 - Km4+800,8-12 cm (giáp phía hè đường),Lúc 7h00 các phương tiện lưu thông chậm,8,12,slow,2025-10-07T07:00:00+07:00,2025-10-07T10:00:00+07:00,True,B,VnExpress,https://vnexpress.net/ha-noi-mua-lon-nhieu-tuyen-pho-nguy-co-ngap-4948058.html,25498819,141,2025-10-07T04:14:14.057000+00:00
VNE_20251007_067,hanoi_matmo_2025_10_07,Đường Mê Linh: Km5+670 - Km5+850,9-12 cm (giáp phía hè đường),Lúc 7h00 các phương tiện lưu thông chậm,9,12,slow,2025-10-07T07:00:00+07:00,2025-10-07T10:00:00+07:00,True,B,VnExpress,https://vnexpress.net/ha-noi-mua-lon-nhieu-tuyen-pho-nguy-co-ngap-4948058.html,25498819,141,2025-10-07T04:14:14.057000+00:00
VNE_20251007_068,hanoi_matmo_2025_10_07,Phố Trương Công Giai (đoạn giao phố Thành Thái),15 - 20  cm,Lúc 7h00 các phương tiện lưu thông chậm,15,20,slow,2025-10-07T07:00:00+07:00,2025-10-07T10:00:00+07:00,True,B,VnExpress,https://vnexpress.net/ha-noi-mua-lon-nhieu-tuyen-pho-nguy-co-ngap-4948058.html,25498819,141,2025-10-07T04:14:14.057000+00:00
VNE_20251007_069,hanoi_matmo_2025_10_07,Đường Duy Tân (Giao Phạm Hùng),20 - 25  cm,Lúc 7h00 các phương tiện lưu thông chậm,20,25,slow,2025-10-07T07:00:00+07:00,2025-10-07T10:00:00+07:00,True,B,VnExpress,https://vnexpress.net/ha-noi-mua-lon-nhieu-tuyen-pho-nguy-co-ngap-4948058.html,25498819,141,2025-10-07T04:14:14.057000+00:00
VNE_20251007_070,hanoi_matmo_2025_10_07,Đường Tôn Thất Thuyết (phía giao đường Phạm Hùng),20 - 30  cm,Lúc 7h00 các phương tiện lưu thông chậm,20,30,slow,2025-10-07T07:00:00+07:00,2025-10-07T10:00:00+07:00,True,B,VnExpress,https://vnexpress.net/ha-noi-mua-lon-nhieu-tuyen-pho-nguy-co-ngap-4948058.html,25498819,141,2025-10-07T04:14:14.057000+00:00
VNE_20251007_071,hanoi_matmo_2025_10_07,Phố Phạm Văn Bạch (đoạn trước Viện huyết học),25 - 30  cm,Lúc 7h00 các phương tiện lưu thông chậm,25,30,slow,2025-10-07T07:00:00+07:00,2025-10-07T10:00:00+07:00,True,B,VnExpress,https://vnexpress.net/ha-noi-mua-lon-nhieu-tuyen-pho-nguy-co-ngap-4948058.html,25498819,141,2025-10-07T04:14:14.057000+00:00
VNE_20251007_072,hanoi_matmo_2025_10_07,Phố Dương Đình Nghệ (đoạn từ Nguyễn Xuân Nham đến Phạm Hùng),25 - 30  cm,Lúc 7h00 các phương tiện lưu thông chậm,25,30,slow,2025-10-07T07:00:00+07:00,2025-10-07T10:00:00+07:00,True,B,VnExpress,https://vnexpress.net/ha-noi-mua-lon-nhieu-tuyen-pho-nguy-co-ngap-4948058.html,25498819,141,2025-10-07T04:14:14.057000+00:00
VNE_20251007_073,hanoi_matmo_2025_10_07,Tuyến 14 giao phố Đinh Núp,30 - 35  cm,Lúc 7h00 các phương tiện lưu thông chậm,30,35,slow,2025-10-07T07:00:00+07:00,2025-10-07T10:00:00+07:00,True,B,VnExpress,https://vnexpress.net/ha-noi-mua-lon-nhieu-tuyen-pho-nguy-co-ngap-4948058.html,25498819,141,2025-10-07T04:14:14.057000+00:00
VNE_20251007_074,hanoi_matmo_2025_10_07,Tuyến 16 đến phố Đinh Núp,25 - 30  cm,Lúc 7h00 các phương tiện lưu thông chậm,25,30,slow,2025-10-07T07:00:00+07:00,2025-10-07T10:00:00+07:00,True,B,VnExpress,https://vnexpress.net/ha-noi-mua-lon-nhieu-tuyen-pho-nguy-co-ngap-4948058.html,25498819,141,2025-10-07T04:14:14.057000+00:00
VNE_20251007_075,hanoi_matmo_2025_10_07,Phố Nguyễn Quốc Trị (đoạn từ Nguyễn Chánh đi vào),25 - 30  cm,Lúc 7h00 các phương tiện lưu thông chậm,25,30,slow,2025-10-07T07:00:00+07:00,2025-10-07T10:00:00+07:00,True,B,VnExpress,https://vnexpress.net/ha-noi-mua-lon-nhieu-tuyen-pho-nguy-co-ngap-4948058.html,25498819,141,2025-10-07T04:14:14.057000+00:00
VNE_20251007_076,hanoi_matmo_2025_10_07,Đường Ngô Thì Nhậm,30 cm,Lúc 7h00 các phương tiện lưu thông chậm,30,30,slow,2025-10-07T07:00:00+07:00,2025-10-07T10:00:00+07:00,True,B,VnExpress,https://vnexpress.net/ha-noi-mua-lon-nhieu-tuyen-pho-nguy-co-ngap-4948058.html,25498819,141,2025-10-07T04:14:14.057000+00:00
VNE_20251007_077,hanoi_matmo_2025_10_07,QL 21B Từ Km6+00-Km7+800,20 cm,Lúc 7h00 các phương tiện lưu thông chậm,20,20,slow,2025-10-07T07:00:00+07:00,2025-10-07T10:00:00+07:00,True,B,VnExpress,https://vnexpress.net/ha-noi-mua-lon-nhieu-tuyen-pho-nguy-co-ngap-4948058.html,25498819,141,2025-10-07T04:14:14.057000+00:00
VNE_20251007_078,hanoi_matmo_2025_10_07,Đường Phan Đình Giót,25 cm,Lúc 7h00 các phương tiện lưu thông chậm,25,25,slow,2025-10-07T07:00:00+07:00,2025-10-07T10:00:00+07:00,True,B,VnExpress,https://vnexpress.net/ha-noi-mua-lon-nhieu-tuyen-pho-nguy-co-ngap-4948058.html,25498819,141,2025-10-07T04:14:14.057000+00:00
VNE_20251007_079,hanoi_matmo_2025_10_07,Đường QL1 Km195+700-Km195+750,15 cm,Lúc 7h00 các phương tiện lưu thông chậm,15,15,slow,2025-10-07T07:00:00+07:00,2025-10-07T10:00:00+07:00,True,B,VnExpress,https://vnexpress.net/ha-noi-mua-lon-nhieu-tuyen-pho-nguy-co-ngap-4948058.html,25498819,141,2025-10-07T04:14:14.057000+00:00
VNE_20251007_080,hanoi_matmo_2025_10_07,Đường QL6 Km27+300(T+P),"Ngập nước 2 bên dài 20 m, rộng 1,5-2 m, sâu 5-7 cm",Lúc 7h00 các phương tiện lưu thông chậm,5,7,slow,2025-10-07T07:00:00+07:00,2025-10-07T10:00:00+07:00,True,B,VnExpress,https://vnexpress.net/ha-noi-mua-lon-nhieu-tuyen-pho-nguy-co-ngap-4948058.html,25498819,141,2025-10-07T04:14:14.057000+00:00
VNE_20251007_081,hanoi_matmo_2025_10_07,Phố Hà Trì,20-30 cm,Lúc 7h00 các phương tiện lưu thông chậm,20,30,slow,2025-10-07T07:00:00+07:00,2025-10-07T10:00:00+07:00,True,B,VnExpress,https://vnexpress.net/ha-noi-mua-lon-nhieu-tuyen-pho-nguy-co-ngap-4948058.html,25498819,141,2025-10-07T04:14:14.057000+00:00
VNE_20251007_082,hanoi_matmo_2025_10_07,Ngã 5 hạ trì giao với Lê Lợi - Bà Triệu kéo dài đường Hà Trì,30 cm,Lúc 7h00 các phương tiện lưu thông chậm,30,30,slow,2025-10-07T07:00:00+07:00,2025-10-07T10:00:00+07:00,True,B,VnExpress,https://vnexpress.net/ha-noi-mua-lon-nhieu-tuyen-pho-nguy-co-ngap-4948058.html,25498819,141,2025-10-07T04:14:14.057000+00:00
VNE_20251007_083,hanoi_matmo_2025_10_07,Đường Nguyễn Thanh Bình từ ngã tư Vạn Phúc (Km3+600) đến Km4+00,10-30 cm,"Lúc 10h00 nước đang rút, các phương tiện lưu thông chậm",10,30,slow,2025-10-07T10:00:00+07:00,2025-10-07T10:00:00+07:00,True,B,VnExpress,https://vnexpress.net/ha-noi-mua-lon-nhieu-tuyen-pho-nguy-co-ngap-4948058.html,25498819,141,2025-10-07T04:14:14.057000+00:00
VNE_20251007_084,hanoi_matmo_2025_10_07,Phố Phúc La từ Km1+00-Km1+200,15 cm,Lúc 7h00 các phương tiện lưu thông chậm,15,15,slow,2025-10-07T07:00:00+07:00,2025-10-07T10:00:00+07:00,True,B,VnExpress,https://vnexpress.net/ha-noi-mua-lon-nhieu-tuyen-pho-nguy-co-ngap-4948058.html,25498819,141,2025-10-07T04:14:14.057000+00:00
VNE_20251007_085,hanoi_matmo_2025_10_07,Đường Lê Hồng Phong từ trường trung học Lê Hồng Phong đến cổng công an phường dài 200m,25 cm,Lúc 7h00 các phương tiện lưu thông chậm,25,25,slow,2025-10-07T07:00:00+07:00,2025-10-07T10:00:00+07:00,True,B,VnExpress,https://vnexpress.net/ha-noi-mua-lon-nhieu-tuyen-pho-nguy-co-ngap-4948058.html,25498819,141,2025-10-07T04:14:14.057000+00:00
VNE_20251007_086,hanoi_matmo_2025_10_07,Đường Văn Khê nước ngập từ Km3+00- Km4+00,10-15 cm,Lúc 7h00 các phương tiện lưu thông chậm,10,15,slow,2025-10-07T07:00:00+07:00,2025-10-07T10:00:00+07:00,True,B,VnExpress,https://vnexpress.net/ha-noi-mua-lon-nhieu-tuyen-pho-nguy-co-ngap-4948058.html,25498819,141,2025-10-07T04:14:14.057000+00:00
VNE_20251007_087,hanoi_matmo_2025_10_07,"Các tuyến Trần Hưng Đạo, Trưng Nhị Nguyễn Thị Minh Khai, Hoàng Văn Thụ Trưng Trắc",20-30 cm,Lúc 7h00 các phương tiện lưu thông chậm,20,30,slow,2025-10-07T07:00:00+07:00,2025-10-07T10:00:00+07:00,True,B,VnExpress,https://vnexpress.net/ha-noi-mua-lon-nhieu-tuyen-pho-nguy-co-ngap-4948058.html,25498819,141,2025-10-07T04:14:14.057000+00:00
VNE_20251007_088,hanoi_matmo_2025_10_07,Các tuyến đường Khu đô thị Văn Phú,Các tuyến đều ngập nước sâu 15 cm,Lúc 7h00 các phương tiện lưu thông chậm,15,15,slow,2025-10-07T07:00:00+07:00,2025-10-07T10:00:00+07:00,True,B,VnExpress,https://vnexpress.net/ha-noi-mua-lon-nhieu-tuyen-pho-nguy-co-ngap-4948058.html,25498819,141,2025-10-07T04:14:14.057000+00:00
VNE_20251007_089,hanoi_matmo_2025_10_07,"Ngã 4 đảo giao thông Lê trọng Tấn, Nguyễn Thanh Bình - Nguyễn Trác - Dương Nội",20 - 30 cm,Lúc 7h00 các phương tiện lưu thông chậm,20,30,slow,2025-10-07T07:00:00+07:00,2025-10-07T10:00:00+07:00,True,B,VnExpress,https://vnexpress.net/ha-noi-mua-lon-nhieu-tuyen-pho-nguy-co-ngap-4948058.html,25498819,141,2025-10-07T04:14:14.057000+00:00
VNE_20251007_090,hanoi_matmo_2025_10_07,Phố Nhuệ Giang (đoạn cuối tuyến),20-30 cm,Lúc 7h00 các phương tiện lưu thông chậm,20,30,slow,2025-10-07T07:00:00+07:00,2025-10-07T10:00:00+07:00,True,B,VnExpress,https://vnexpress.net/ha-noi-mua-lon-nhieu-tuyen-pho-nguy-co-ngap-4948058.html,25498819,141,2025-10-07T04:14:14.057000+00:00
VNE_20251007_091,hanoi_matmo_2025_10_07,Đường Nguyễn khuyến đoạn cuối tuyến giao với Yên Phúc Bạch - Thái Bưởi - Nguyễn Xuân Hà,20-30 cm,Lúc 7h00 các phương tiện lưu thông chậm,20,30,slow,2025-10-07T07:00:00+07:00,2025-10-07T10:00:00+07:00,True,B,VnExpress,https://vnexpress.net/ha-noi-mua-lon-nhieu-tuyen-pho-nguy-co-ngap-4948058.html,25498819,141,2025-10-07T04:14:14.057000+00:00
VNE_20251007_092,hanoi_matmo_2025_10_07,Phố Hoàng Đôn Hoà,TB 15 cm,Lúc 7h00 các phương tiện lưu thông chậm,15,15,slow,2025-10-07T07:00:00+07:00,2025-10-07T10:00:00+07:00,True,B,VnExpress,https://vnexpress.net/ha-noi-mua-lon-nhieu-tuyen-pho-nguy-co-ngap-4948058.html,25498819,141,2025-10-07T04:14:14.057000+00:00
VNE_20251007_093,hanoi_matmo_2025_10_07,Cổ Linh- Cầu Vĩnh Tuy,TB 15 cm,Lúc 10h00 các phương tiện vẫn lưu thông được,15,15,passable,2025-10-07T10:00:00+07:00,2025-10-07T10:00:00+07:00,True,B,VnExpress,https://vnexpress.net/ha-noi-mua-lon-nhieu-tuyen-pho-nguy-co-ngap-4948058.html,25498819,141,2025-10-07T04:14:14.057000+00:00
VNE_20251007_094,hanoi_matmo_2025_10_07,Hầm chui Ram AB nút Pháp Vân  đường Vành đai 3,15 cm ở lề đường,Lúc 10h00 các phương tiện lưu thông chậm,15,15,slow,2025-10-07T10:00:00+07:00,2025-10-07T10:00:00+07:00,True,B,VnExpress,https://vnexpress.net/ha-noi-mua-lon-nhieu-tuyen-pho-nguy-co-ngap-4948058.html,25498819,141,2025-10-07T04:14:14.057000+00:00
VNE_20251007_095,hanoi_matmo_2025_10_07,Tuyến Thiên Đức đoạn gầm cầu đường sắt,30 cm,Các phương tiện không lưu thông được,30,30,impassable,,2025-10-07T10:00:00+07:00,True,B,VnExpress,https://vnexpress.net/ha-noi-mua-lon-nhieu-tuyen-pho-nguy-co-ngap-4948058.html,25498819,141,2025-10-07T04:14:14.057000+00:00
VNE_20251007_096,hanoi_matmo_2025_10_07,Đường 421B: Km11+300: Cầu Đông Yên,50 cm,Phương án phân luồng theo chỉ đạo của Sở Xây Dựng,50,50,diverted,,2025-10-07T10:00:00+07:00,True,B,VnExpress,https://vnexpress.net/ha-noi-mua-lon-nhieu-tuyen-pho-nguy-co-ngap-4948058.html,25498819,141,2025-10-07T04:14:14.057000+00:00
VNE_20251007_097,hanoi_matmo_2025_10_07,Đường: 423:Cầu 72 II Km8+400,50 cm,Phương án phân luồng theo chỉ đạo của Sở Xây Dựng,50,50,diverted,,2025-10-07T10:00:00+07:00,True,B,VnExpress,https://vnexpress.net/ha-noi-mua-lon-nhieu-tuyen-pho-nguy-co-ngap-4948058.html,25498819,141,2025-10-07T04:14:14.057000+00:00
VNE_20251007_098,hanoi_matmo_2025_10_07,Đường Tây Mỗ,50 cm,Các phương tiện không lưu thông được,50,50,impassable,,2025-10-07T10:00:00+07:00,True,B,VnExpress,https://vnexpress.net/ha-noi-mua-lon-nhieu-tuyen-pho-nguy-co-ngap-4948058.html,25498819,141,2025-10-07T04:14:14.057000+00:00
VNE_20251007_099,hanoi_matmo_2025_10_07,Phố Trần Thái Tông (đoạn trước SN 96),35 - 40  cm,Lúc 7h00 các phương tiện không lưu thông được,35,40,impassable,2025-10-07T07:00:00+07:00,2025-10-07T10:00:00+07:00,True,B,VnExpress,https://vnexpress.net/ha-noi-mua-lon-nhieu-tuyen-pho-nguy-co-ngap-4948058.html,25498819,141,2025-10-07T04:14:14.057000+00:00
VNE_20251007_100,hanoi_matmo_2025_10_07,Ngọc Khánh,Ngập sâu 15 - 30 cm,Lúc 7h00 các phương tiện không lưu thông được,15,30,impassable,2025-10-07T07:00:00+07:00,2025-10-07T10:00:00+07:00,True,B,VnExpress,https://vnexpress.net/ha-noi-mua-lon-nhieu-tuyen-pho-nguy-co-ngap-4948058.html,25498819,141,2025-10-07T04:14:14.057000+00:00
VNE_20251007_101,hanoi_matmo_2025_10_07,Võ Chí Công  (đoạn tòa LOTTE),Ngập sâu 20 - 40 cm,Lúc 7h00 các phương tiện không lưu thông được,20,40,impassable,2025-10-07T07:00:00+07:00,2025-10-07T10:00:00+07:00,True,B,VnExpress,https://vnexpress.net/ha-noi-mua-lon-nhieu-tuyen-pho-nguy-co-ngap-4948058.html,25498819,141,2025-10-07T04:14:14.057000+00:00
VNE_20251007_102,hanoi_matmo_2025_10_07,Nguyễn Sơn,Ngập sâu 15 - 30 cm,Lúc 7h00 các phương tiện không lưu thông được,15,30,impassable,2025-10-07T07:00:00+07:00,2025-10-07T10:00:00+07:00,True,B,VnExpress,https://vnexpress.net/ha-noi-mua-lon-nhieu-tuyen-pho-nguy-co-ngap-4948058.html,25498819,141,2025-10-07T04:14:14.057000+00:00
VNE_20251007_103,hanoi_matmo_2025_10_07,Ngọc Lâm,Ngập sâu 15 - 30 cm,Lúc 7h00 các phương tiện không lưu thông được,15,30,impassable,2025-10-07T07:00:00+07:00,2025-10-07T10:00:00+07:00,True,B,VnExpress,https://vnexpress.net/ha-noi-mua-lon-nhieu-tuyen-pho-nguy-co-ngap-4948058.html,25498819,141,2025-10-07T04:14:14.057000+00:00
VNE_20251007_104,hanoi_matmo_2025_10_07,Lệ Mật,Ngập sâu cục bộ 10 - 30 cm,Lúc 7h00 các phương tiện không lưu thông được,10,30,impassable,2025-10-07T07:00:00+07:00,2025-10-07T10:00:00+07:00,True,B,VnExpress,https://vnexpress.net/ha-noi-mua-lon-nhieu-tuyen-pho-nguy-co-ngap-4948058.html,25498819,141,2025-10-07T04:14:14.057000+00:00
VNE_20251007_105,hanoi_matmo_2025_10_07,Hoa Lâm,Ngập sâu cục bộ 15 - 30 cm,Lúc 7h00 các phương tiện không lưu thông được,15,30,impassable,2025-10-07T07:00:00+07:00,2025-10-07T10:00:00+07:00,True,B,VnExpress,https://vnexpress.net/ha-noi-mua-lon-nhieu-tuyen-pho-nguy-co-ngap-4948058.html,25498819,141,2025-10-07T04:14:14.057000+00:00
VNE_20251007_106,hanoi_matmo_2025_10_07,Nút Liễu Giai /Đào Tấn,Ngập sâu cục bộ 20 - 30 cm,Lúc 7h00 các phương tiện không lưu thông được,20,30,impassable,2025-10-07T07:00:00+07:00,2025-10-07T10:00:00+07:00,True,B,VnExpress,https://vnexpress.net/ha-noi-mua-lon-nhieu-tuyen-pho-nguy-co-ngap-4948058.html,25498819,141,2025-10-07T04:14:14.057000+00:00
VNE_20251007_107,hanoi_matmo_2025_10_07,Cổ Linh ( đoạn trường học),Ngập sâu cục bộ 20 - 30 cm,Lúc 7h00 các phương tiện không lưu thông được,20,30,impassable,2025-10-07T07:00:00+07:00,2025-10-07T10:00:00+07:00,True,B,VnExpress,https://vnexpress.net/ha-noi-mua-lon-nhieu-tuyen-pho-nguy-co-ngap-4948058.html,25498819,141,2025-10-07T04:14:14.057000+00:00
VNE_20251007_108,hanoi_matmo_2025_10_07,Ngọc Thụy ( đoạn gầm cầu đường sắt LB),Ngập sâu cục bộ 30 - 40 cm,Lúc 7h00 các phương tiện không lưu thông được,30,40,impassable,2025-10-07T07:00:00+07:00,2025-10-07T10:00:00+07:00,True,B,VnExpress,https://vnexpress.net/ha-noi-mua-lon-nhieu-tuyen-pho-nguy-co-ngap-4948058.html,25498819,141,2025-10-07T04:14:14.057000+00:00
VNE_20251007_109,hanoi_matmo_2025_10_07,Phố Ngọc Lâm,30 cm,Lúc 10h00 các phương tiện không lưu thông được,30,30,impassable,2025-10-07T10:00:00+07:00,2025-10-07T10:00:00+07:00,True,B,VnExpress,https://vnexpress.net/ha-noi-mua-lon-nhieu-tuyen-pho-nguy-co-ngap-4948058.html,25498819,141,2025-10-07T04:14:14.057000+00:00
VNE_20251007_110,hanoi_matmo_2025_10_07,Đường Quyết Thắng ( CCN Yên Nghĩa),TB 50 cm,Lúc 10h00 các phương tiện không lưu thông được,50,50,impassable,2025-10-07T10:00:00+07:00,2025-10-07T10:00:00+07:00,True,B,VnExpress,https://vnexpress.net/ha-noi-mua-lon-nhieu-tuyen-pho-nguy-co-ngap-4948058.html,25498819,141,2025-10-07T04:14:14.057000+00:00
VNE_20251007_111,hanoi_matmo_2025_10_07,Đường Nguyễn Trác từ Km7+300 đến Km 7+800,TB 40 cm,Lúc 10h00 các phương tiện không lưu thông được,40,40,impassable,2025-10-07T10:00:00+07:00,2025-10-07T10:00:00+07:00,True,B,VnExpress,https://vnexpress.net/ha-noi-mua-lon-nhieu-tuyen-pho-nguy-co-ngap-4948058.html,25498819,141,2025-10-07T04:14:14.057000+00:00
VNE_20251007_112,hanoi_matmo_2025_10_07,Đường Thanh Bình,TB 40 cm,Lúc 10h00 các phương tiện không lưu thông được,40,40,impassable,2025-10-07T10:00:00+07:00,2025-10-07T10:00:00+07:00,True,B,VnExpress,https://vnexpress.net/ha-noi-mua-lon-nhieu-tuyen-pho-nguy-co-ngap-4948058.html,25498819,141,2025-10-07T04:14:14.057000+00:00
VNE_20251007_113,hanoi_matmo_2025_10_07,Đường Quang Trung Km12+700-KM12+900,TB 50 cm,Lúc 10h00 các phương tiện không lưu thông được,50,50,impassable,2025-10-07T10:00:00+07:00,2025-10-07T10:00:00+07:00,True,B,VnExpress,https://vnexpress.net/ha-noi-mua-lon-nhieu-tuyen-pho-nguy-co-ngap-4948058.html,25498819,141,2025-10-07T04:14:14.057000+00:00
VNE_20251007_114,hanoi_matmo_2025_10_07,Đường Quốc lộ 6 Km15+300,TB 35-40 cm,Lúc 10h00 các phương tiện không lưu thông được,35,40,impassable,2025-10-07T10:00:00+07:00,2025-10-07T10:00:00+07:00,True,B,VnExpress,https://vnexpress.net/ha-noi-mua-lon-nhieu-tuyen-pho-nguy-co-ngap-4948058.html,25498819,141,2025-10-07T04:14:14.057000+00:00
VNE_20251007_115,hanoi_matmo_2025_10_07,Đường Quốc Nông Quốc Chấn,30-40 cm,Lúc 10h00 các phương tiện không lưu thông được,30,40,impassable,2025-10-07T10:00:00+07:00,2025-10-07T10:00:00+07:00,True,B,VnExpress,https://vnexpress.net/ha-noi-mua-lon-nhieu-tuyen-pho-nguy-co-ngap-4948058.html,25498819,141,2025-10-07T04:14:14.057000+00:00
VNE_20251007_116,hanoi_matmo_2025_10_07,Đường Lê Lai,TB 40 cm,Lúc 10h00 các phương tiện không lưu thông được,40,40,impassable,2025-10-07T10:00:00+07:00,2025-10-07T10:00:00+07:00,True,B,VnExpress,https://vnexpress.net/ha-noi-mua-lon-nhieu-tuyen-pho-nguy-co-ngap-4948058.html,25498819,141,2025-10-07T04:14:14.057000+00:00
VNE_20251007_117,hanoi_matmo_2025_10_07,Phố Hạnh Hoa và  phố Xa La,TB 30-40 cm,Lúc 10h00 các phương tiện không lưu thông được,30,40,impassable,2025-10-07T10:00:00+07:00,2025-10-07T10:00:00+07:00,True,B,VnExpress,https://vnexpress.net/ha-noi-mua-lon-nhieu-tuyen-pho-nguy-co-ngap-4948058.html,25498819,141,2025-10-07T04:14:14.057000+00:00
VNE_20251007_118,hanoi_matmo_2025_10_07,Bà Triệu kéo dài,TB 50 cm,Lúc 10h00 các phương tiện không lưu thông được,50,50,impassable,2025-10-07T10:00:00+07:00,2025-10-07T10:00:00+07:00,True,B,VnExpress,https://vnexpress.net/ha-noi-mua-lon-nhieu-tuyen-pho-nguy-co-ngap-4948058.html,25498819,141,2025-10-07T04:14:14.057000+00:00
VNE_20251007_119,hanoi_matmo_2025_10_07,Đường Tô hiệu từ ngã ba Cầu Đơ cho đến ngã tư Bà Triệu,30-40 cm,Lúc 10h00 các phương tiện không lưu thông được,30,40,impassable,2025-10-07T10:00:00+07:00,2025-10-07T10:00:00+07:00,True,B,VnExpress,https://vnexpress.net/ha-noi-mua-lon-nhieu-tuyen-pho-nguy-co-ngap-4948058.html,25498819,141,2025-10-07T04:14:14.057000+00:00
VNE_20251007_120,hanoi_matmo_2025_10_07,Đường Lê Lợi từ ngã tư Tô Hiệu đến ngã tư Hoàng Hoa Thám,30-40 cm,Lúc 10h00 các phương tiện không lưu thông được,30,40,impassable,2025-10-07T10:00:00+07:00,2025-10-07T10:00:00+07:00,True,B,VnExpress,https://vnexpress.net/ha-noi-mua-lon-nhieu-tuyen-pho-nguy-co-ngap-4948058.html,25498819,141,2025-10-07T04:14:14.057000+00:00
VNE_20251007_121,hanoi_matmo_2025_10_07,Phố Cửa Quán và Tuyến N41 N42 N42,80-90 cm,Lúc 10h00 các phương tiện không lưu thông được,80,90,impassable,2025-10-07T10:00:00+07:00,2025-10-07T10:00:00+07:00,True,B,VnExpress,https://vnexpress.net/ha-noi-mua-lon-nhieu-tuyen-pho-nguy-co-ngap-4948058.html,25498819,141,2025-10-07T04:14:14.057000+00:00
VNE_20251007_122,hanoi_matmo_2025_10_07,Phố Đội Cấn,40 cm,Lúc 10h00 các phương tiện không lưu thông được,40,40,impassable,2025-10-07T10:00:00+07:00,2025-10-07T10:00:00+07:00,True,B,VnExpress,https://vnexpress.net/ha-noi-mua-lon-nhieu-tuyen-pho-nguy-co-ngap-4948058.html,25498819,141,2025-10-07T04:14:14.057000+00:00
VNE_20251007_123,hanoi_matmo_2025_10_07,Khuất Duy Tiến - Trần Duy Hưng,50 cm,Lúc 10h00 các phương tiện không lưu thông được,50,50,impassable,2025-10-07T10:00:00+07:00,2025-10-07T10:00:00+07:00,True,B,VnExpress,https://vnexpress.net/ha-noi-mua-lon-nhieu-tuyen-pho-nguy-co-ngap-4948058.html,25498819,141,2025-10-07T04:14:14.057000+00:00
