"observation_id","location_name_raw","query_sent","latitude","longitude","ward_code","ward_name","geocode_source","geocode_match_type","geocode_verified","review_note","anchor_type","confidence","coordinate_basis","coordinate_changed_from_input","ward_changed_from_input","original_latitude","original_longitude","original_ward_code","original_ward_name","needs_manual_validation"
"VNE_20251007_001","Nhánh 2 đường gom cao tốc Hà Nội - Hải Phòng","Nhánh 2 đường gom cao tốc Hà Nội - Hải Phòng, Hà Nội, Việt Nam","20.998000","105.938000","00565","Xã Gia Lâm","canonical_area_anchor","area_anchor","false","Exact ""Nhánh 2"" road-branch endpoint not independently resolved; canonical anchor placed on Hà Nội–Hải Phòng frontage-road corridor in Gia Lâm. Field/map validation required.","area_anchor","low","canonical_area_anchor","true","true","","","","","true"
"VNE_20251007_002","ĐLTL đoạn Km 8+200","ĐLTL đoạn Km 8+200, Hà Nội, Việt Nam","21.011700","105.714493","09877","Xã An Khánh","chainage_interpolation","chainage_anchor","false","Canonical point for ĐLTL Km8+200 interpolated along Đại lộ Thăng Long from reviewed chainage controls; not a surveyed GNSS point.","chainage_anchor","medium","chainage_interpolation","true","true","21.010280","105.738415","00622","Phường Xuân Phương","false"
"VNE_20251007_003","ĐLTL đoạn hầm chui số 9","ĐLTL đoạn hầm chui số 9, Hà Nội, Việt Nam","21.017479","105.617206","09895","Xã Quốc Oai","chainage_interpolation","underpass_chainage","false","Hầm chui số 9 associated with ĐLTL Km18+366.11 in road-asset documentation; coordinate is chainage-derived canonical anchor.","underpass_chainage","medium","chainage_interpolation","true","true","21.010280","105.738415","00622","Phường Xuân Phương","false"
"VNE_20251007_004","ĐLTL đoạn hầm chui số 5","ĐLTL đoạn hầm chui số 5, Hà Nội, Việt Nam","21.012753","105.696791","09877","Xã An Khánh","chainage_interpolation","underpass_chainage","false","Hầm chui số 5 associated with approx. Km10+040/Km10+061; canonical midpoint derived from chainage, not survey.","underpass_chainage","medium","chainage_interpolation","true","true","21.010280","105.738415","00622","Phường Xuân Phương","false"
"VNE_20251007_005","ĐLTL đoạn hầm chui số 6","ĐLTL đoạn hầm chui số 6, Hà Nội, Việt Nam","21.012923","105.693920","09877","Xã An Khánh","chainage_interpolation","underpass_chainage","false","Hầm chui số 6 associated with approx. Km10+340/Km10+359; canonical midpoint derived from chainage, not survey.","underpass_chainage","medium","chainage_interpolation","true","true","21.010280","105.738415","00622","Phường Xuân Phương","false"
"VNE_20251007_006","ĐLTL đoạn km 9+400 đường gom phải","ĐLTL đoạn km 9+400 đường gom phải, Hà Nội, Việt Nam","21.012383","105.703010","09877","Xã An Khánh","chainage_interpolation","chainage_anchor","false","Canonical point for ĐLTL Km9+400 đường gom phải; chainage-derived anchor.","chainage_anchor","medium","chainage_interpolation","true","true","21.010280","105.738415","00622","Phường Xuân Phương","false"
"VNE_20251007_007","Đường QL32: Km14+500","Đường QL32: Km14+500, Hà Nội, Việt Nam","21.080000","105.664000","09832","Xã Hoài Đức","chainage_estimate","chainage_anchor","false","QL32 Km14+500 belongs Hoài Đức corridor; point estimated along QL32 chainage. Requires road-chainage GIS validation.","chainage_anchor","low","chainage_estimate","true","true","21.086423","105.634422","09772","Xã Hát Môn","true"
"VNE_20251007_008","Đường QL32: Km17+700","Đường QL32: Km17+700, Hà Nội, Việt Nam","21.086423","105.634422","09832","Xã Hoài Đức","reviewed_existing_anchor","chainage_anchor","false","Original road coordinate retained as best available anchor for QL32 Km17+700, but ward corrected from Hát Môn to Hoài Đức; chainage-level validation recommended.","chainage_anchor","low","reviewed_existing_anchor","false","true","21.086423","105.634422","09772","Xã Hát Môn","true"
"VNE_20251007_009","Đường 423:Cầu Trũng Vỡ: Km3+164","Đường 423:Cầu Trũng Vỡ: Km3+164, Hà Nội, Việt Nam","21.097500","105.699500","09817","Xã Ô Diên","official_chainage_area_anchor","bridge_chainage","false","Input labels road 423; road documentation identifies Cầu Trũng Vỡ at Km3+164 on road 422 in former Tân Hội–Đan Phượng area. Coordinate is corridor anchor; field/map validation required.","bridge_chainage","low","official_chainage_area_anchor","true","true","21.122743","105.922191","","","true"
"VNE_20251007_010","Nguyễn Đình Chiểu","Nguyễn Đình Chiểu, Hà Nội, Việt Nam","21.010799","105.845801","00256","Phường Hai Bà Trưng","reviewed_existing_anchor","street_canonical","false","Full street-name Nominatim match retained as canonical street anchor; raw record does not specify a narrower segment.","street_canonical","medium","reviewed_existing_anchor","false","false","21.010799","105.845801","00256","Phường Hai Bà Trưng","false"
"VNE_20251007_011","Đường Phạm Hùng (đoạn giáp cầu vượt Mai Dịch)","Đường Phạm Hùng (đoạn giáp cầu vượt Mai Dịch), Hà Nội, Việt Nam","21.036633","105.780573","00166","Phường Cầu Giấy","published_coordinate","intersection_structure","true","Re-anchored to Cầu vượt Mai Dịch / Phạm Hùng–Mai Dịch structure; replaces generic Phạm Hùng road hit.","intersection_structure","high","published_coordinate","true","true","21.010117","105.788088","00592","Phường Từ Liêm","false"
"VNE_20251007_012","Phố Trần Bình (đoạn Bệnh Viện 19-8)","Phố Trần Bình (đoạn Bệnh Viện 19-8), Hà Nội, Việt Nam","21.039566","105.774071","00592","Phường Từ Liêm","osm_poi","poi_anchor","true","Re-anchored to Bệnh viện 19-8, số 9 Trần Bình; exact POI anchor.","poi_anchor","high","osm_poi","true","false","21.030110","105.775729","00592","Phường Từ Liêm","false"
"VNE_20251007_013","Đại lộ Thăng Long (đoạn Km5+700 hai bên đường gom)","Đại lộ Thăng Long (đoạn Km5+700 hai bên đường gom), Hà Nội, Việt Nam","21.010280","105.738415","00622","Phường Xuân Phương","reviewed_existing_anchor","chainage_anchor","false","Existing coordinate retained as canonical anchor for ĐLTL Km5+700; record is a linear segment, not a single flood centroid.","chainage_anchor","medium","reviewed_existing_anchor","false","false","21.010280","105.738415","00622","Phường Xuân Phương","false"
"VNE_20251007_014","Phố Triều Khúc (đoạn ngõ 66 đến đình làng Triều Khúc)","Phố Triều Khúc (đoạn ngõ 66 đến đình làng Triều Khúc), Hà Nội, Việt Nam","20.978510","105.801090","00643","Phường Thanh Liệt","osm_poi","poi_corridor_anchor","true","Re-anchored to Đình Triều Khúc endpoint of described ngõ 66–đình corridor.","poi_corridor_anchor","high","osm_poi","true","false","20.985850","105.798446","00643","Phường Thanh Liệt","false"
"VNE_20251007_015","Đường Hồ Mễ Trì (đoạn cách Lương Thế Vinh 100m)","Đường Hồ Mễ Trì (đoạn cách Lương Thế Vinh 100m), Hà Nội, Việt Nam","20.998242","105.788999","00637","Phường Đại Mỗ","reviewed_existing_anchor","segment_anchor","false","Existing road hit retained as canonical anchor near Hồ Mễ Trì/Lương Thế Vinh; exact 100 m offset requires cadastral/road-centerline validation.","segment_anchor","medium","reviewed_existing_anchor","false","false","20.998242","105.788999","00637","Phường Đại Mỗ","false"
"VNE_20251007_016","Đường Lương Thế Vinh (đoạn SN 499)","Đường Lương Thế Vinh (đoạn SN 499), Hà Nội, Việt Nam","20.997421","105.786900","00637","Phường Đại Mỗ","published_address_map","address_anchor","false","Re-anchored to vicinity of số 499 Lương Thế Vinh from public address-map evidence; canonical address anchor.","address_anchor","medium","published_address_map","true","false","20.994232","105.791116","00637","Phường Đại Mỗ","false"
"VNE_20251007_017","Đường Tây Mỗ (đoạn từ UBND phường Tây Mỗ-ngõ 127)","Đường Tây Mỗ (đoạn từ UBND phường Tây Mỗ-ngõ 127), Hà Nội, Việt Nam","20.997991","105.751804","00634","Phường Tây Mỗ","reviewed_existing_anchor","segment_anchor","false","Existing Tây Mỗ road anchor retained for UBND–ngõ 127 segment; treat as canonical segment point.","segment_anchor","medium","reviewed_existing_anchor","false","false","20.997991","105.751804","00634","Phường Tây Mỗ","false"
"VNE_20251007_018","Phố Miêu Nha (đoạn từ đường tàu - lối vào công nghệ cao)","Phố Miêu Nha (đoạn từ đường tàu - lối vào công nghệ cao), Hà Nội, Việt Nam","21.016824","105.744823","00622","Phường Xuân Phương","reviewed_existing_anchor","segment_anchor","false","Existing Miêu Nha anchor retained for road-rail to high-tech access corridor.","segment_anchor","medium","reviewed_existing_anchor","false","false","21.016824","105.744823","00622","Phường Xuân Phương","false"
"VNE_20251007_019","Phố Do Nha (đoạn cổng chào)","Phố Do Nha (đoạn cổng chào), Hà Nội, Việt Nam","21.017030","105.740592","00622","Phường Xuân Phương","reviewed_existing_anchor","landmark_anchor","false","Existing Do Nha anchor retained for cổng chào vicinity.","landmark_anchor","medium","reviewed_existing_anchor","false","false","21.017030","105.740592","00622","Phường Xuân Phương","false"
"VNE_20251007_020","Phố Miêu Nha (đoạn hai bên đầu cầu Ngà)","Phố Miêu Nha (đoạn hai bên đầu cầu Ngà), Hà Nội, Việt Nam","21.013320","105.746150","00634","Phường Tây Mỗ","osm_poi","bridge_anchor","true","Re-anchored to Cầu Ngà, matching “hai bên đầu cầu Ngà”.","bridge_anchor","high","osm_poi","true","true","21.016824","105.744823","00622","Phường Xuân Phương","false"
"VNE_20251007_021","Đường Xuân Phương (đoạn ngõ 339)","Đường Xuân Phương (đoạn ngõ 339), Hà Nội, Việt Nam","21.031520","105.739262","00622","Phường Xuân Phương","reviewed_existing_anchor","address_corridor_anchor","false","Existing Xuân Phương road point retained as canonical anchor for ngõ 339 vicinity.","address_corridor_anchor","medium","reviewed_existing_anchor","false","false","21.031520","105.739262","00622","Phường Xuân Phương","false"
"VNE_20251007_022","Đường Nguyễn Xuân Khoát","Đường Nguyễn Xuân Khoát, Hà Nội, Việt Nam","21.065466","105.791337","00611","Phường Xuân Đỉnh","reviewed_existing_anchor","street_canonical","false","Full-name street match retained; raw record contains no narrower segment.","street_canonical","medium","reviewed_existing_anchor","false","false","21.065466","105.791337","00611","Phường Xuân Đỉnh","false"
"VNE_20251007_023","Đường Trịnh Văn Bô kéo dài","Đường Trịnh Văn Bô kéo dài, Hà Nội, Việt Nam","21.027500","105.748000","00622","Phường Xuân Phương","canonical_corridor_anchor","corridor_anchor","false","“Trịnh Văn Bô kéo dài” is a corridor rather than a unique point; canonical midpoint used. Validate against project centerline before precision analytics.","corridor_anchor","low","canonical_corridor_anchor","true","true","","","","","true"
"VNE_20251007_024","Đường Tây Tựu (giao phố Đăm)","Đường Tây Tựu (giao phố Đăm), Hà Nội, Việt Nam","21.082724","105.733564","00598","Phường Thượng Cát","reviewed_existing_anchor","intersection_anchor","false","Existing Tây Tựu road hit retained as canonical intersection vicinity for phố Đăm.","intersection_anchor","medium","reviewed_existing_anchor","false","false","21.082724","105.733564","00598","Phường Thượng Cát","false"
"VNE_20251007_025","Đường Phạm Hùng (đoạn giao Dương Đình Nghệ)","Đường Phạm Hùng (đoạn giao Dương Đình Nghệ), Hà Nội, Việt Nam","21.017064","105.784447","00592","Phường Từ Liêm","poi_vicinity_map","intersection_anchor","true","Re-anchored to Phạm Hùng–Dương Đình Nghệ/Keangnam corridor; location-specific junction anchor.","intersection_anchor","high","poi_vicinity_map","true","false","21.010117","105.788088","00592","Phường Từ Liêm","false"
"VNE_20251007_026","Đường Cầu Diễn (đoạn giao Trịnh Văn Bô)","Đường Cầu Diễn (đoạn giao Trịnh Văn Bô), Hà Nội, Việt Nam","21.043589","105.756486","00619","Phường Phú Diễn","reviewed_existing_anchor","intersection_anchor","false","Existing Cầu Diễn anchor retained for Trịnh Văn Bô intersection vicinity.","intersection_anchor","medium","reviewed_existing_anchor","false","false","21.043589","105.756486","00619","Phường Phú Diễn","false"
"VNE_20251007_027","Phố Thanh Lâm","Phố Thanh Lâm, Hà Nội, Việt Nam","21.009802","105.931759","00565","Xã Gia Lâm","reviewed_existing_anchor","street_canonical","false","Full-name Thanh Lâm street match retained; no narrower segment in raw record.","street_canonical","medium","reviewed_existing_anchor","false","false","21.009802","105.931759","00565","Xã Gia Lâm","false"
"VNE_20251007_028","Phố Ngọa Long (đoạn giao Cầu Diễn)","Phố Ngọa Long (đoạn giao Cầu Diễn), Hà Nội, Việt Nam","21.051115","105.745453","00613","Phường Tây Tựu","reviewed_existing_anchor","intersection_anchor","false","Existing Ngọa Long anchor retained for Cầu Diễn intersection vicinity.","intersection_anchor","medium","reviewed_existing_anchor","false","false","21.051115","105.745453","00613","Phường Tây Tựu","false"
"VNE_20251007_029","Đường Phương Canh (đoạn giao Hòe Thị)","Đường Phương Canh (đoạn giao Hòe Thị), Hà Nội, Việt Nam","21.034233","105.742611","00622","Phường Xuân Phương","published_map_point","intersection_anchor","true","Re-anchored to Phương Canh–Hòe Thị junction vicinity from public map evidence.","intersection_anchor","high","published_map_point","true","false","21.036334","105.754776","00622","Phường Xuân Phương","false"
"VNE_20251007_030","Đường Văn Tiến Dũng (đoạn giao Cầu Diễn)","Đường Văn Tiến Dũng (đoạn giao Cầu Diễn), Hà Nội, Việt Nam","21.052200","105.754000","00613","Phường Tây Tựu","canonical_intersection_anchor","intersection_estimate","false","Canonical point placed at Văn Tiến Dũng–Cầu Diễn vicinity; original road-prefix hit was too far north. Validate against OSM intersection node before survey use.","intersection_estimate","low","canonical_intersection_anchor","true","false","21.066722","105.753504","00613","Phường Tây Tựu","true"
"VNE_20251007_031","Đường Hồ Tùng Mậu (đoạn giao nút Mai Dịch)","Đường Hồ Tùng Mậu (đoạn giao nút Mai Dịch), Hà Nội, Việt Nam","21.036633","105.780573","00166","Phường Cầu Giấy","published_coordinate","intersection_structure","true","Re-anchored to nút/cầu vượt Mai Dịch for Hồ Tùng Mậu–Mai Dịch.","intersection_structure","high","published_coordinate","true","true","21.041067","105.763415","00619","Phường Phú Diễn","false"
"VNE_20251007_032","Phố Doãn Kế Thiện (giao Thần Vỹ)","Phố Doãn Kế Thiện (giao Thần Vỹ), Hà Nội, Việt Nam","21.042369","105.774325","00619","Phường Phú Diễn","reviewed_existing_anchor","intersection_anchor","false","Existing Doãn Kế Thiện anchor retained for giao Thần Vỹ vicinity.","intersection_anchor","medium","reviewed_existing_anchor","false","false","21.042369","105.774325","00619","Phường Phú Diễn","false"
"VNE_20251007_033","Phố Kẻ Giàn (đoạn giao Phạm Văn Đồng)","Phố Kẻ Giàn (đoạn giao Phạm Văn Đồng), Hà Nội, Việt Nam","21.081000","105.786681","00602","Phường Đông Ngạc","reviewed_existing_anchor","intersection_anchor","false","Existing Kẻ Giàn point retained for Phạm Văn Đồng intersection vicinity.","intersection_anchor","medium","reviewed_existing_anchor","false","false","21.081000","105.786681","00602","Phường Đông Ngạc","false"
"VNE_20251007_034","Phố Phan Tây Nhạc (đoạn từ trường FPT)","Phố Phan Tây Nhạc (đoạn từ trường FPT), Hà Nội, Việt Nam","21.038078","105.745561","00622","Phường Xuân Phương","reviewed_existing_anchor","poi_vicinity_anchor","false","Existing anchor retained near FPT/Phan Tây Nhạc corridor; school/office frontage used as local reference.","poi_vicinity_anchor","medium","reviewed_existing_anchor","false","false","21.038078","105.745561","00622","Phường Xuân Phương","false"
"VNE_20251007_035","Đường Lê Đức Thọ (đoạn SVĐ Mỹ Đình)","Đường Lê Đức Thọ (đoạn SVĐ Mỹ Đình), Hà Nội, Việt Nam","21.020500","105.763930","00592","Phường Từ Liêm","osm_poi","poi_anchor","true","Re-anchored to Sân vận động Quốc gia Mỹ Đình.","poi_anchor","high","osm_poi","true","false","21.035876","105.770656","00592","Phường Từ Liêm","false"
"VNE_20251007_036","Đường Châu Văn Liêm (đoạn giao ĐL Thăng Long)","Đường Châu Văn Liêm (đoạn giao ĐL Thăng Long), Hà Nội, Việt Nam","21.007346","105.768040","00592","Phường Từ Liêm","reviewed_existing_anchor","intersection_anchor","false","Existing Châu Văn Liêm point retained at Đại lộ Thăng Long vicinity.","intersection_anchor","medium","reviewed_existing_anchor","false","false","21.007346","105.768040","00592","Phường Từ Liêm","false"
"VNE_20251007_037","Phố Nhật Tảo (đoạn ngõ 1-39)","Phố Nhật Tảo (đoạn ngõ 1-39), Hà Nội, Việt Nam","21.088635","105.791892","00091","Phường Phú Thượng","reviewed_existing_anchor","segment_anchor","false","Existing Nhật Tảo anchor retained for ngõ 1–39 segment.","segment_anchor","medium","reviewed_existing_anchor","false","false","21.088635","105.791892","00091","Phường Phú Thượng","false"
"VNE_20251007_038","Phố Trần Vỹ (đoạn giao Doãn Kế Thiện)","Phố Trần Vỹ (đoạn giao Doãn Kế Thiện), Hà Nội, Việt Nam","21.040477","105.772939","00619","Phường Phú Diễn","reviewed_existing_anchor","intersection_anchor","false","Existing Trần Vỹ anchor retained for Doãn Kế Thiện intersection vicinity.","intersection_anchor","medium","reviewed_existing_anchor","false","false","21.040477","105.772939","00619","Phường Phú Diễn","false"
"VNE_20251007_039","Đường Trần Hữu Dực (giao đỗ Xuân Hợp)","Đường Trần Hữu Dực (giao đỗ Xuân Hợp), Hà Nội, Việt Nam","21.030034","105.761536","00592","Phường Từ Liêm","reviewed_existing_anchor","intersection_estimate","false","Existing Trần Hữu Dực coordinate retained; junction label “đỗ Xuân Hợp” is ambiguous/possibly typo. Requires manual map validation.","intersection_estimate","low","reviewed_existing_anchor","false","false","21.030034","105.761536","00592","Phường Từ Liêm","true"
"VNE_20251007_040","Phố Nguyễn Hoàng (đoạn giao Phạm Hùng)","Phố Nguyễn Hoàng (đoạn giao Phạm Hùng), Hà Nội, Việt Nam","21.033300","105.770032","00592","Phường Từ Liêm","reviewed_existing_anchor","intersection_anchor","false","Existing Nguyễn Hoàng point retained for Phạm Hùng intersection vicinity.","intersection_anchor","medium","reviewed_existing_anchor","false","false","21.033300","105.770032","00592","Phường Từ Liêm","false"
"VNE_20251007_041","Đường QL2 (Km3+300-Km3+550)","Đường QL2 (Km3+300-Km3+550), Hà Nội, Việt Nam","21.198242","105.825189","00433","Xã Nội Bài","reviewed_existing_anchor","linear_midpoint","false","Existing QL2 coordinate retained as canonical midpoint for Km3+300–Km3+550 segment.","linear_midpoint","medium","reviewed_existing_anchor","false","false","21.198242","105.825189","00433","Xã Nội Bài","false"
"VNE_20251007_042","Đường 23b (Km0+750-Km1+00)","Đường 23b (Km0+750-Km1+00), Hà Nội, Việt Nam","21.151738","105.832432","00466","Xã Phúc Thịnh","reviewed_existing_anchor","linear_midpoint","false","Existing đường 23B coordinate retained as canonical midpoint for Km0+750–Km1+000 segment.","linear_midpoint","medium","reviewed_existing_anchor","false","false","21.151738","105.832432","00466","Xã Phúc Thịnh","false"
"VNE_20251007_043","Đường Cầu Bươu (đoạn ngã ba Xa La-Viện K)","Đường Cầu Bươu (đoạn ngã ba Xa La-Viện K), Hà Nội, Việt Nam","20.960890","105.800770","00643","Phường Thanh Liệt","osm_road_point","junction_corridor_anchor","true","Re-anchored to Cầu Bươu/Xa La–Viện K corridor using OSM road anchor.","junction_corridor_anchor","high","osm_road_point","true","false","20.960930","105.800697","00643","Phường Thanh Liệt","false"
"VNE_20251007_044","Đường Phạm Tu (đoạn viện K)","Đường Phạm Tu (đoạn viện K), Hà Nội, Việt Nam","20.975155","105.809788","00316","Phường Định Công","reviewed_existing_anchor","poi_vicinity_anchor","false","Existing Phạm Tu anchor retained for Viện K vicinity.","poi_vicinity_anchor","medium","reviewed_existing_anchor","false","false","20.975155","105.809788","00316","Phường Định Công","false"
"VNE_20251007_045","Phố Cầu Cốc (đoạn ngõ 43-67)","Phố Cầu Cốc (đoạn ngõ 43-67), Hà Nội, Việt Nam","21.005915","105.746432","00634","Phường Tây Mỗ","reviewed_existing_anchor","segment_anchor","false","Existing Cầu Cốc anchor retained for ngõ 43–67 segment.","segment_anchor","medium","reviewed_existing_anchor","false","false","21.005915","105.746432","00634","Phường Tây Mỗ","false"
"VNE_20251007_046","Đường Nguyễn Huy Tưởng (đoạn giao Khuất Duy Tiến)","Đường Nguyễn Huy Tưởng (đoạn giao Khuất Duy Tiến), Hà Nội, Việt Nam","20.995833","105.798611","00367","Phường Thanh Xuân","official_street_endpoint","intersection_anchor","true","Re-anchored to Nguyễn Huy Tưởng–Khuất Duy Tiến using published street endpoint coordinates.","intersection_anchor","high","official_street_endpoint","true","true","","","","","false"
"VNE_20251007_047","Đường Đại Mỗ (đoạn ngõ 24)","Đường Đại Mỗ (đoạn ngõ 24), Hà Nội, Việt Nam","20.995463","105.756676","00634","Phường Tây Mỗ","reviewed_existing_anchor","address_corridor_anchor","false","Existing Đại Mỗ anchor retained for ngõ 24 vicinity.","address_corridor_anchor","medium","reviewed_existing_anchor","false","false","20.995463","105.756676","00634","Phường Tây Mỗ","false"
"VNE_20251007_048","Phố Ngọc Trục (đoạn ngõ 31-giao Đại Mỗ)","Phố Ngọc Trục (đoạn ngõ 31-giao Đại Mỗ), Hà Nội, Việt Nam","20.989713","105.773154","00637","Phường Đại Mỗ","reviewed_existing_anchor","segment_anchor","false","Existing Ngọc Trục anchor retained for ngõ31–Đại Mỗ corridor.","segment_anchor","medium","reviewed_existing_anchor","false","false","20.989713","105.773154","00637","Phường Đại Mỗ","false"
"VNE_20251007_049","Đường Lạc Long Quân (đoạn SN 130-giao Võng Thị)","Đường Lạc Long Quân (đoạn SN 130-giao Võng Thị), Hà Nội, Việt Nam","21.073324","105.812712","00103","Phường Tây Hồ","reviewed_existing_anchor","segment_anchor","false","Existing Lạc Long Quân point retained for SN130–Võng Thị corridor.","segment_anchor","medium","reviewed_existing_anchor","false","false","21.073324","105.812712","00103","Phường Tây Hồ","false"
"VNE_20251007_050","Đường Nguyễn Trãi (đoạn đại học KHXH&NV)","Đường Nguyễn Trãi (đoạn đại học KHXH&NV), Hà Nội, Việt Nam","20.995230","105.807160","00367","Phường Thanh Xuân","published_poi_coordinate","poi_anchor","true","Re-anchored to Trường ĐH KHXH&NV, 336 Nguyễn Trãi; fixes generic Nguyễn Trãi hit in wrong ward.","poi_anchor","high","published_poi_coordinate","true","true","20.986618","105.796118","00637","Phường Đại Mỗ","false"
"VNE_20251007_051","Đường Thụy Khuê (đoạn dốc La Pho đến trường THPT Chu Văn An)","Đường Thụy Khuê (đoạn dốc La Pho đến trường THPT Chu Văn An), Hà Nội, Việt Nam","21.043120","105.831950","00103","Phường Tây Hồ","published_poi_coordinate","poi_corridor_anchor","true","Re-anchored to THPT Chu Văn An endpoint of dốc La Pho–Chu Văn An segment.","poi_corridor_anchor","high","published_poi_coordinate","true","false","21.041857","105.829818","00103","Phường Tây Hồ","false"
"VNE_20251007_052","Đường Khuất Duy Tiến (đoạn từ giao Tố Hữu-Nguyễn Trãi)","Đường Khuất Duy Tiến (đoạn từ giao Tố Hữu-Nguyễn Trãi), Hà Nội, Việt Nam","21.001546","105.794981","00367","Phường Thanh Xuân","reviewed_existing_anchor","linear_midpoint","false","Existing Khuất Duy Tiến anchor retained for Tố Hữu–Nguyễn Trãi segment; ward normalized to Thanh Xuân.","linear_midpoint","medium","reviewed_existing_anchor","false","true","21.001546","105.794981","00637","Phường Đại Mỗ","false"
"VNE_20251007_053","Đường Nguyễn Xiển","Đường Nguyễn Xiển, Hà Nội, Việt Nam","20.982928","105.809342","00643","Phường Thanh Liệt","reviewed_existing_anchor","street_canonical","false","Full-name Nguyễn Xiển street match retained.","street_canonical","medium","reviewed_existing_anchor","false","false","20.982928","105.809342","00643","Phường Thanh Liệt","false"
"VNE_20251007_054","Đường Tố Hữu (ngõ 19-Lương Thế Vinh)","Đường Tố Hữu (ngõ 19-Lương Thế Vinh), Hà Nội, Việt Nam","20.989473","105.783629","00637","Phường Đại Mỗ","reviewed_existing_anchor","segment_anchor","false","Existing Tố Hữu anchor retained for ngõ19–Lương Thế Vinh segment.","segment_anchor","medium","reviewed_existing_anchor","false","false","20.989473","105.783629","00637","Phường Đại Mỗ","false"
"VNE_20251007_055","Đường Cổ Nhuế (đoạn SN145-205)","Đường Cổ Nhuế (đoạn SN145-205), Hà Nội, Việt Nam","21.060625","105.781757","00602","Phường Đông Ngạc","reviewed_existing_anchor","segment_anchor","false","Existing Cổ Nhuế point retained for SN145–205 segment.","segment_anchor","medium","reviewed_existing_anchor","false","false","21.060625","105.781757","00602","Phường Đông Ngạc","false"
"VNE_20251007_056","Đường QL3 (đoạn Km19+500)","Đường QL3 (đoạn Km19+500), Hà Nội, Việt Nam","21.056505","105.888742","00127","Phường Việt Hưng","reviewed_existing_anchor","chainage_anchor","false","Existing QL3 point retained as best available Km19+500 anchor; chainage requires route-specific GIS validation.","chainage_anchor","low","reviewed_existing_anchor","false","false","21.056505","105.888742","00127","Phường Việt Hưng","true"
"VNE_20251007_057","Đường Phùng Hưng (đoạn SN20-193)","Đường Phùng Hưng (đoạn SN20-193), Hà Nội, Việt Nam","20.971703","105.783163","09556","Phường Hà Đông","reviewed_existing_anchor","segment_anchor","false","Existing Phùng Hưng point retained for SN20–193 corridor.","segment_anchor","medium","reviewed_existing_anchor","false","false","20.971703","105.783163","09556","Phường Hà Đông","false"
"VNE_20251007_058","Đường Tây Thăng Long (đoạn chợ Phúc Lý)","Đường Tây Thăng Long (đoạn chợ Phúc Lý), Hà Nội, Việt Nam","21.064909","105.761033","00602","Phường Đông Ngạc","reviewed_existing_anchor","poi_vicinity_anchor","false","Existing Tây Thăng Long point retained near chợ Phúc Lý.","poi_vicinity_anchor","medium","reviewed_existing_anchor","false","false","21.064909","105.761033","00602","Phường Đông Ngạc","false"
"VNE_20251007_059","Đường Nguyễn Tuân (đoạn giao Lê Văn Lương-Ngụy Như Kon Tum)","Đường Nguyễn Tuân (đoạn giao Lê Văn Lương-Ngụy Như Kon Tum), Hà Nội, Việt Nam","21.001970","105.800566","00367","Phường Thanh Xuân","reviewed_existing_anchor","segment_anchor","false","Existing Nguyễn Tuân anchor retained for Lê Văn Lương–Ngụy Như Kon Tum segment.","segment_anchor","medium","reviewed_existing_anchor","false","false","21.001970","105.800566","00367","Phường Thanh Xuân","false"
"VNE_20251007_060","Phố Trung Kiên (đoạn Đình Đăm)","Phố Trung Kiên (đoạn Đình Đăm), Hà Nội, Việt Nam","21.069647","105.730902","00613","Phường Tây Tựu","reviewed_existing_anchor","poi_vicinity_anchor","false","Existing Trung Kiên anchor retained near Đình Đăm.","poi_vicinity_anchor","medium","reviewed_existing_anchor","false","false","21.069647","105.730902","00613","Phường Tây Tựu","false"
"VNE_20251007_061","Đường Xuân La (đoạn Võ Chí Công-Xuân Đỉnh)","Đường Xuân La (đoạn Võ Chí Công-Xuân Đỉnh), Hà Nội, Việt Nam","21.062693","105.807540","00103","Phường Tây Hồ","reviewed_existing_anchor","linear_midpoint","false","Existing Xuân La point retained for Võ Chí Công–Xuân Đỉnh segment.","linear_midpoint","medium","reviewed_existing_anchor","false","false","21.062693","105.807540","00103","Phường Tây Hồ","false"
"VNE_20251007_062","Phố Phan Văn Trường (đoạn SN103-ngõ 54)","Phố Phan Văn Trường (đoạn SN103-ngõ 54), Hà Nội, Việt Nam","21.037910","105.785989","00166","Phường Cầu Giấy","reviewed_existing_anchor","segment_anchor","false","Existing Phan Văn Trường point retained for SN103–ngõ54 segment.","segment_anchor","medium","reviewed_existing_anchor","false","false","21.037910","105.785989","00166","Phường Cầu Giấy","false"
"VNE_20251007_063","Gầm cầu Thăng Long đi Vực Dê","Gầm cầu Thăng Long đi Vực Dê, Hà Nội, Việt Nam","21.095500","105.779800","00602","Phường Đông Ngạc","canonical_corridor_anchor","underbridge_corridor_anchor","false","“Gầm cầu Thăng Long đi Vực Dê” refers to south-side underbridge/road connection; canonical corridor anchor used. Exact inundation point needs map/field validation.","underbridge_corridor_anchor","low","canonical_corridor_anchor","true","true","","","","","true"
"VNE_20251007_064","Đường Mễ Trì (đoạn giao Phạm Hùng)","Đường Mễ Trì (đoạn giao Phạm Hùng), Hà Nội, Việt Nam","21.010336","105.788684","00592","Phường Từ Liêm","published_road_point","intersection_anchor","false","Re-anchored to Phạm Hùng corridor at Mễ Trì junction vicinity; canonical intersection point.","intersection_anchor","medium","published_road_point","true","false","21.012650","105.775361","00592","Phường Từ Liêm","false"
"VNE_20251007_065","Đường Mê Linh: Km6+200 - Km7+00","Đường Mê Linh: Km6+200 - Km7+00, Hà Nội, Việt Nam","21.173000","105.768000","00466","Xã Phúc Thịnh","chainage_estimate","linear_midpoint","false","Separated from duplicate generic Mê Linh road point; canonical midpoint for Km6+200–Km7+000. Validate against official road chainage layer.","linear_midpoint","low","chainage_estimate","true","false","21.169328","105.774031","00466","Xã Phúc Thịnh","true"
"VNE_20251007_066","Đường Mê Linh: Km4+600 - Km4+800","Đường Mê Linh: Km4+600 - Km4+800, Hà Nội, Việt Nam","21.160800","105.787000","00466","Xã Phúc Thịnh","chainage_estimate","linear_midpoint","false","Separated from duplicate generic Mê Linh road point; canonical midpoint for Km4+600–Km4+800.","linear_midpoint","low","chainage_estimate","true","false","21.169328","105.774031","00466","Xã Phúc Thịnh","true"
"VNE_20251007_067","Đường Mê Linh: Km5+670 - Km5+850","Đường Mê Linh: Km5+670 - Km5+850, Hà Nội, Việt Nam","21.167000","105.777000","00466","Xã Phúc Thịnh","chainage_estimate","linear_midpoint","false","Separated from duplicate generic Mê Linh road point; canonical midpoint for Km5+670–Km5+850.","linear_midpoint","low","chainage_estimate","true","false","21.169328","105.774031","00466","Xã Phúc Thịnh","true"
"VNE_20251007_068","Phố Trương Công Giai (đoạn giao phố Thành Thái)","Phố Trương Công Giai (đoạn giao phố Thành Thái), Hà Nội, Việt Nam","21.027580","105.788560","00166","Phường Cầu Giấy","osm_road_point","intersection_anchor","true","Re-anchored to Trương Công Giai–Thành Thái junction vicinity.","intersection_anchor","high","osm_road_point","true","false","21.027663","105.788712","00166","Phường Cầu Giấy","false"
"VNE_20251007_069","Đường Duy Tân (Giao Phạm Hùng)","Đường Duy Tân (Giao Phạm Hùng), Hà Nội, Việt Nam","21.030870","105.781450","00166","Phường Cầu Giấy","published_map_point","intersection_anchor","true","Corrected severe false match in Xã Đại Xuyên; re-anchored to Duy Tân–Phạm Hùng vicinity.","intersection_anchor","high","published_map_point","true","true","20.666044","105.947778","10342","Xã Đại Xuyên","false"
"VNE_20251007_070","Đường Tôn Thất Thuyết (phía giao đường Phạm Hùng)","Đường Tôn Thất Thuyết (phía giao đường Phạm Hùng), Hà Nội, Việt Nam","21.028863","105.779271","00592","Phường Từ Liêm","reviewed_existing_anchor","intersection_anchor","false","Existing Tôn Thất Thuyết point retained for Phạm Hùng-side junction.","intersection_anchor","medium","reviewed_existing_anchor","false","false","21.028863","105.779271","00592","Phường Từ Liêm","false"
"VNE_20251007_071","Phố Phạm Văn Bạch (đoạn trước Viện huyết học)","Phố Phạm Văn Bạch (đoạn trước Viện huyết học), Hà Nội, Việt Nam","21.024660","105.788380","00166","Phường Cầu Giấy","osm_poi","poi_anchor","true","Re-anchored to Viện Huyết học–Truyền máu Trung ương, Phạm Văn Bạch.","poi_anchor","high","osm_poi","true","false","21.023399","105.789885","00166","Phường Cầu Giấy","false"
"VNE_20251007_072","Phố Dương Đình Nghệ (đoạn từ Nguyễn Xuân Nham đến Phạm Hùng)","Phố Dương Đình Nghệ (đoạn từ Nguyễn Xuân Nham đến Phạm Hùng), Hà Nội, Việt Nam","21.021500","105.787000","00166","Phường Cầu Giấy","canonical_segment_anchor","linear_midpoint","false","Canonical midpoint for Dương Đình Nghệ segment Nguyễn Xuân Nham–Phạm Hùng.","linear_midpoint","medium","canonical_segment_anchor","true","false","21.023112","105.789821","00166","Phường Cầu Giấy","false"
"VNE_20251007_073","Tuyến 14 giao phố Đinh Núp","Tuyến 14 giao phố Đinh Núp, Hà Nội, Việt Nam","21.011500","105.788500","00166","Phường Cầu Giấy","canonical_intersection_anchor","intersection_estimate","false","“Tuyến 14” is not uniquely geocodable in public map index; canonical anchor placed at Đinh Núp/Nam Trung Yên grid. Requires local engineering map validation.","intersection_estimate","low","canonical_intersection_anchor","true","true","","","","","true"
"VNE_20251007_074","Tuyến 16 đến phố Đinh Núp","Tuyến 16 đến phố Đinh Núp, Hà Nội, Việt Nam","21.012500","105.789500","00166","Phường Cầu Giấy","canonical_corridor_anchor","corridor_anchor","false","“Tuyến 16” is not uniquely geocodable in public map index; canonical anchor placed near Đinh Núp/Nam Trung Yên grid. Requires local engineering map validation.","corridor_anchor","low","canonical_corridor_anchor","true","true","","","","","true"
"VNE_20251007_075","Phố Nguyễn Quốc Trị (đoạn từ Nguyễn Chánh đi vào)","Phố Nguyễn Quốc Trị (đoạn từ Nguyễn Chánh đi vào), Hà Nội, Việt Nam","21.018563","105.784653","00175","Phường Yên Hoà","reviewed_existing_anchor","segment_anchor","false","Existing Nguyễn Quốc Trị point retained for Nguyễn Chánh inward segment.","segment_anchor","medium","reviewed_existing_anchor","false","false","21.018563","105.784653","00175","Phường Yên Hoà","false"
"VNE_20251007_076","Đường Ngô Thì Nhậm","Đường Ngô Thì Nhậm, Hà Nội, Việt Nam","20.968800","105.769200","09556","Phường Hà Đông","published_map_vicinity","street_canonical","false","Re-geocoded to Ngô Thì Nhậm street in Hà Đông; canonical street midpoint.","street_canonical","medium","published_map_vicinity","true","true","","","","","false"
"VNE_20251007_077","QL 21B Từ Km6+00-Km7+800","QL 21B Từ Km6+00-Km7+800, Hà Nội, Việt Nam","20.814062","105.883453","10237","Xã Chương Dương","reviewed_existing_anchor","linear_midpoint","false","Existing QL21B coordinate retained as canonical midpoint for Km6+000–Km7+800 segment.","linear_midpoint","medium","reviewed_existing_anchor","false","false","20.814062","105.883453","10237","Xã Chương Dương","false"
"VNE_20251007_078","Đường Phan Đình Giót","Đường Phan Đình Giót, Hà Nội, Việt Nam","20.972411","105.761525","09556","Phường Hà Đông","published_address_coordinate","street_canonical","true","Re-anchored to Phan Đình Giót Hà Đông using published address-map point.","street_canonical","high","published_address_coordinate","true","true","","","","","false"
"VNE_20251007_079","Đường QL1 Km195+700-Km195+750","Đường QL1 Km195+700-Km195+750, Hà Nội, Việt Nam","20.736475","105.912866","10273","Xã Phú Xuyên","reviewed_existing_anchor","linear_midpoint","false","Existing QL1 coordinate retained as canonical midpoint for Km195+700–Km195+750.","linear_midpoint","medium","reviewed_existing_anchor","false","false","20.736475","105.912866","10273","Xã Phú Xuyên","false"
"VNE_20251007_080","Đường QL6 Km27+300(T+P)","Đường QL6 Km27+300(T+P), Hà Nội, Việt Nam","20.929410","105.669090","10030","Xã Phú Nghĩa","published_area_coordinate","chainage_area_anchor","false","Re-anchored to Nghĩa Hảo/Phú Nghĩa corridor near QL6 Km27+300; exact chainage point needs road GIS validation.","chainage_area_anchor","low","published_area_coordinate","true","true","21.037605","105.860377","00097","Phường Hồng Hà","true"
"VNE_20251007_081","Phố Hà Trì","Phố Hà Trì, Hà Nội, Việt Nam","20.960744","105.773256","09552","Phường Kiến Hưng","reviewed_existing_anchor","street_canonical","false","Full-name Hà Trì street match retained.","street_canonical","medium","reviewed_existing_anchor","false","false","20.960744","105.773256","09552","Phường Kiến Hưng","false"
"VNE_20251007_082","Ngã 5 hạ trì giao với Lê Lợi - Bà Triệu kéo dài đường Hà Trì","Ngã 5 hạ trì giao với Lê Lợi - Bà Triệu kéo dài đường Hà Trì, Hà Nội, Việt Nam","20.965500","105.775000","09552","Phường Kiến Hưng","canonical_intersection_anchor","intersection_estimate","false","Canonical anchor for Ngã 5 Hạ Trì–Lê Lợi–Bà Triệu kéo dài–Hà Trì; exact intersection node needs local map validation.","intersection_estimate","low","canonical_intersection_anchor","true","true","","","","","true"
"VNE_20251007_083","Đường Nguyễn Thanh Bình từ ngã tư Vạn Phúc (Km3+600) đến Km4+00","Đường Nguyễn Thanh Bình từ ngã tư Vạn Phúc (Km3+600) đến Km4+00, Hà Nội, Việt Nam","20.980300","105.770900","09556","Phường Hà Đông","canonical_segment_anchor","linear_midpoint","false","Canonical midpoint for Nguyễn Thanh Bình from ngã tư Vạn Phúc Km3+600 to Km4+000. Chainage not independently resolved.","linear_midpoint","low","canonical_segment_anchor","true","true","","","","","true"
"VNE_20251007_084","Phố Phúc La từ Km1+00-Km1+200","Phố Phúc La từ Km1+00-Km1+200, Hà Nội, Việt Nam","20.960904","105.792741","09556","Phường Hà Đông","reviewed_existing_anchor","linear_midpoint","false","Existing Phúc La point retained as canonical midpoint for Km1+000–Km1+200.","linear_midpoint","medium","reviewed_existing_anchor","false","false","20.960904","105.792741","09556","Phường Hà Đông","false"
"VNE_20251007_085","Đường Lê Hồng Phong từ trường trung học Lê Hồng Phong đến cổng công an phường dài 200m","Đường Lê Hồng Phong từ trường trung học Lê Hồng Phong đến cổng công an phường dài 200m, Hà Nội, Việt Nam","20.971100","105.777600","09556","Phường Hà Đông","address_based_anchor","poi_corridor_anchor","false","THCS Lê Hồng Phong address verified on Lê Hồng Phong; canonical school-to-police corridor anchor. Exact 200 m segment midpoint needs map validation.","poi_corridor_anchor","low","address_based_anchor","true","true","","","","","true"
"VNE_20251007_086","Đường Văn Khê nước ngập từ Km3+00- Km4+00","Đường Văn Khê nước ngập từ Km3+00- Km4+00, Hà Nội, Việt Nam","20.976580","105.762230","09556","Phường Hà Đông","published_transit_vicinity","linear_midpoint","false","Canonical anchor on Văn Khê corridor for Km3+000–Km4+000, using mapped Văn Khê transit/road vicinity.","linear_midpoint","medium","published_transit_vicinity","true","true","","","","","false"
"VNE_20251007_087","Các tuyến Trần Hưng Đạo, Trưng Nhị Nguyễn Thị Minh Khai, Hoàng Văn Thụ Trưng Trắc","Các tuyến Trần Hưng Đạo, Trưng Nhị Nguyễn Thị Minh Khai, Hoàng Văn Thụ Trưng Trắc, Hà Nội, Việt Nam","20.971700","105.778500","09556","Phường Hà Đông","canonical_area_anchor","area_anchor","false","Raw record combines multiple streets; area anchor represents central affected Hà Đông grid, not a unique point.","area_anchor","low","canonical_area_anchor","true","true","","","","","true"
"VNE_20251007_088","Các tuyến đường Khu đô thị Văn Phú","Các tuyến đường Khu đô thị Văn Phú, Hà Nội, Việt Nam","20.956056","105.765927","09552","Phường Kiến Hưng","published_map_point","area_anchor","false","Re-anchored to Khu đô thị Văn Phú canonical area point.","area_anchor","medium","published_map_point","true","true","","","","","false"
"VNE_20251007_089","Ngã 4 đảo giao thông Lê trọng Tấn, Nguyễn Thanh Bình - Nguyễn Trác - Dương Nội","Ngã 4 đảo giao thông Lê trọng Tấn, Nguyễn Thanh Bình - Nguyễn Trác - Dương Nội, Hà Nội, Việt Nam","20.976600","105.757000","09886","Phường Dương Nội","canonical_intersection_anchor","intersection_estimate","false","Canonical anchor for Lê Trọng Tấn–Nguyễn Thanh Bình–Nguyễn Trác–Dương Nội junction complex. Exact island centroid requires map validation.","intersection_estimate","low","canonical_intersection_anchor","true","true","","","","","true"
"VNE_20251007_090","Phố Nhuệ Giang (đoạn cuối tuyến)","Phố Nhuệ Giang (đoạn cuối tuyến), Hà Nội, Việt Nam","20.972113","105.780811","09556","Phường Hà Đông","reviewed_existing_anchor","segment_endpoint_anchor","false","Existing Nhuệ Giang point retained as canonical “cuối tuyến” anchor.","segment_endpoint_anchor","medium","reviewed_existing_anchor","false","false","20.972113","105.780811","09556","Phường Hà Đông","false"
"VNE_20251007_091","Đường Nguyễn khuyến đoạn cuối tuyến giao với Yên Phúc Bạch - Thái Bưởi - Nguyễn Xuân Hà","Đường Nguyễn khuyến đoạn cuối tuyến giao với Yên Phúc Bạch - Thái Bưởi - Nguyễn Xuân Hà, Hà Nội, Việt Nam","20.978340","105.788458","09556","Phường Hà Đông","reviewed_existing_anchor","junction_cluster_anchor","false","Existing Nguyễn Khuyến point retained for Yên Phúc/Bạch–Thái Bưởi–Nguyễn Xuân Hà junction cluster.","junction_cluster_anchor","medium","reviewed_existing_anchor","false","false","20.978340","105.788458","09556","Phường Hà Đông","false"
"VNE_20251007_092","Phố Hoàng Đôn Hoà","Phố Hoàng Đôn Hoà, Hà Nội, Việt Nam","20.959474","105.772205","09552","Phường Kiến Hưng","reviewed_existing_anchor","street_canonical","false","Full-name Hoàng Đôn Hoà match retained.","street_canonical","medium","reviewed_existing_anchor","false","false","20.959474","105.772205","09552","Phường Kiến Hưng","false"
"VNE_20251007_093","Cổ Linh- Cầu Vĩnh Tuy","Cổ Linh- Cầu Vĩnh Tuy, Hà Nội, Việt Nam","21.025000","105.889500","00145","Phường Long Biên","canonical_corridor_anchor","corridor_anchor","false","Canonical anchor on Cổ Linh approach to Cầu Vĩnh Tuy; raw record is a corridor, not a single point.","corridor_anchor","medium","canonical_corridor_anchor","true","true","","","","","false"
"VNE_20251007_094","Hầm chui Ram AB nút Pháp Vân  đường Vành đai 3","Hầm chui Ram AB nút Pháp Vân  đường Vành đai 3, Hà Nội, Việt Nam","20.964200","105.844800","00316","Phường Định Công","canonical_interchange_anchor","interchange_anchor","false","Canonical anchor at Pháp Vân/Vành đai 3 Ramp AB underpass complex; engineering ramp-centerline validation recommended.","interchange_anchor","medium","canonical_interchange_anchor","true","true","","","","","false"
"VNE_20251007_095","Tuyến Thiên Đức đoạn gầm cầu đường sắt","Tuyến Thiên Đức đoạn gầm cầu đường sắt, Hà Nội, Việt Nam","21.077770","105.937160","00565","Xã Gia Lâm","canonical_corridor_anchor","underpass_corridor_anchor","false","Canonical anchor for Thiên Đức railway-underpass corridor; exact gầm cầu point not independently resolved in public map index.","underpass_corridor_anchor","low","canonical_corridor_anchor","true","true","","","","","true"
"VNE_20251007_096","Đường 421B: Km11+300: Cầu Đông Yên","Đường 421B: Km11+300: Cầu Đông Yên, Hà Nội, Việt Nam","20.930398","105.598608","09952","Xã Phú Cát","reviewed_existing_anchor","bridge_chainage","false","Existing coordinate retained for Cầu Đông Yên, đường 421B Km11+300.","bridge_chainage","medium","reviewed_existing_anchor","false","false","20.930398","105.598608","09952","Xã Phú Cát","false"
"VNE_20251007_097","Đường: 423:Cầu 72 II Km8+400","Đường: 423:Cầu 72 II Km8+400, Hà Nội, Việt Nam","20.980800","105.673700","09931","Xã Hưng Đạo","official_chainage_area_anchor","bridge_chainage","false","Corrected false Từ Liêm road hit. Cầu 72-II is documented at đường 423 Km8+400 on Cộng Hòa–Vân Côn corridor; coordinate is canonical bridge-area anchor.","bridge_chainage","low","official_chainage_area_anchor","true","true","21.036209","105.771183","00592","Phường Từ Liêm","true"
"VNE_20251007_098","Đường Tây Mỗ","Đường Tây Mỗ, Hà Nội, Việt Nam","20.997991","105.751804","00634","Phường Tây Mỗ","reviewed_existing_anchor","street_canonical","false","Full-name Tây Mỗ match retained.","street_canonical","medium","reviewed_existing_anchor","false","false","20.997991","105.751804","00634","Phường Tây Mỗ","false"
"VNE_20251007_099","Phố Trần Thái Tông (đoạn trước SN 96)","Phố Trần Thái Tông (đoạn trước SN 96), Hà Nội, Việt Nam","21.028865","105.787794","00166","Phường Cầu Giấy","reviewed_existing_anchor","address_anchor","false","Existing Trần Thái Tông point retained for trước SN96 vicinity.","address_anchor","medium","reviewed_existing_anchor","false","false","21.028865","105.787794","00166","Phường Cầu Giấy","false"
"VNE_20251007_100","Ngọc Khánh","Ngọc Khánh, Hà Nội, Việt Nam","21.029505","105.812669","00025","Phường Giảng Võ","reviewed_existing_anchor","street_canonical","false","Full-name Ngọc Khánh match retained.","street_canonical","medium","reviewed_existing_anchor","false","false","21.029505","105.812669","00025","Phường Giảng Võ","false"
"VNE_20251007_101","Võ Chí Công  (đoạn tòa LOTTE)","Võ Chí Công  (đoạn tòa LOTTE), Hà Nội, Việt Nam","21.075990","105.812680","00103","Phường Tây Hồ","osm_poi","poi_anchor","true","Re-anchored to LOTTE Mall West Lake on Võ Chí Công, matching “đoạn tòa LOTTE”.","poi_anchor","high","osm_poi","true","false","21.064377","105.805687","00103","Phường Tây Hồ","false"
"VNE_20251007_102","Nguyễn Sơn","Nguyễn Sơn, Hà Nội, Việt Nam","21.045435","105.881082","00118","Phường Bồ Đề","reviewed_existing_anchor","street_canonical","false","Full-name Nguyễn Sơn match retained.","street_canonical","medium","reviewed_existing_anchor","false","false","21.045435","105.881082","00118","Phường Bồ Đề","false"
"VNE_20251007_103","Ngọc Lâm","Ngọc Lâm, Hà Nội, Việt Nam","21.046823","105.879532","00118","Phường Bồ Đề","reviewed_existing_anchor","street_canonical","false","Full-name Ngọc Lâm match retained.","street_canonical","medium","reviewed_existing_anchor","false","false","21.046823","105.879532","00118","Phường Bồ Đề","false"
"VNE_20251007_104","Lệ Mật","Lệ Mật, Hà Nội, Việt Nam","21.053625","105.902927","00127","Phường Việt Hưng","reviewed_existing_anchor","street_canonical","false","Full-name Lệ Mật match retained.","street_canonical","medium","reviewed_existing_anchor","false","false","21.053625","105.902927","00127","Phường Việt Hưng","false"
"VNE_20251007_105","Hoa Lâm","Hoa Lâm, Hà Nội, Việt Nam","21.048741","105.876927","00118","Phường Bồ Đề","reviewed_existing_anchor","street_canonical","false","Full-name Hoa Lâm match retained.","street_canonical","medium","reviewed_existing_anchor","false","false","21.048741","105.876927","00118","Phường Bồ Đề","false"
"VNE_20251007_106","Nút Liễu Giai /Đào Tấn","Nút Liễu Giai /Đào Tấn, Hà Nội, Việt Nam","21.032270","105.812610","00025","Phường Giảng Võ","osm_poi","intersection_poi_anchor","true","Re-anchored to Liễu Giai–Đào Tấn at Lotte Center Hanoi, a strong corner POI anchor.","intersection_poi_anchor","high","osm_poi","true","true","","","","","false"
"VNE_20251007_107","Cổ Linh ( đoạn trường học)","Cổ Linh ( đoạn trường học), Hà Nội, Việt Nam","21.025900","105.894930","00145","Phường Long Biên","canonical_corridor_anchor","poi_corridor_anchor","false","Corrected false Bát Tràng road hit; canonical Cổ Linh school-corridor anchor used. Exact school frontage needs manual map validation.","poi_corridor_anchor","low","canonical_corridor_anchor","true","true","21.008230","105.914857","00577","Xã Bát Tràng","true"
"VNE_20251007_108","Ngọc Thụy ( đoạn gầm cầu đường sắt LB)","Ngọc Thụy ( đoạn gầm cầu đường sắt LB), Hà Nội, Việt Nam","21.044348","105.865567","00118","Phường Bồ Đề","reviewed_existing_anchor","underpass_anchor","false","Existing Ngọc Thụy point retained for Long Biên railway-underpass vicinity.","underpass_anchor","medium","reviewed_existing_anchor","false","false","21.044348","105.865567","00118","Phường Bồ Đề","false"
"VNE_20251007_109","Phố Ngọc Lâm","Phố Ngọc Lâm, Hà Nội, Việt Nam","21.045724","105.881440","00118","Phường Bồ Đề","reviewed_existing_anchor","street_canonical","false","Full-name phố Ngọc Lâm match retained.","street_canonical","medium","reviewed_existing_anchor","false","false","21.045724","105.881440","00118","Phường Bồ Đề","false"
"VNE_20251007_110","Đường Quyết Thắng ( CCN Yên Nghĩa)","Đường Quyết Thắng ( CCN Yên Nghĩa), Hà Nội, Việt Nam","20.956070","105.742659","09562","Phường Yên Nghĩa","reviewed_existing_anchor","industrial_area_anchor","false","Existing Quyết Thắng point retained for CCN Yên Nghĩa vicinity.","industrial_area_anchor","medium","reviewed_existing_anchor","false","false","20.956070","105.742659","09562","Phường Yên Nghĩa","false"
"VNE_20251007_111","Đường Nguyễn Trác từ Km7+300 đến Km 7+800","Đường Nguyễn Trác từ Km7+300 đến Km 7+800, Hà Nội, Việt Nam","20.973000","105.750000","09886","Phường Dương Nội","chainage_estimate","linear_midpoint","false","Canonical midpoint for Nguyễn Trác Km7+300–Km7+800; exact road-chainage geometry not independently resolved.","linear_midpoint","low","chainage_estimate","true","true","","","","","true"
"VNE_20251007_112","Đường Thanh Bình","Đường Thanh Bình, Hà Nội, Việt Nam","20.986578","105.780078","09556","Phường Hà Đông","reviewed_existing_anchor","street_canonical","false","Full-name Thanh Bình match retained as canonical street point.","street_canonical","medium","reviewed_existing_anchor","false","false","20.986578","105.780078","09556","Phường Hà Đông","false"
"VNE_20251007_113","Đường Quang Trung Km12+700-KM12+900","Đường Quang Trung Km12+700-KM12+900, Hà Nội, Việt Nam","20.939807","105.733271","09562","Phường Yên Nghĩa","reviewed_existing_anchor","linear_midpoint","false","Existing Quang Trung point retained as canonical midpoint for Km12+700–Km12+900.","linear_midpoint","medium","reviewed_existing_anchor","false","false","20.939807","105.733271","09562","Phường Yên Nghĩa","false"
"VNE_20251007_114","Đường Quốc lộ 6 Km15+300","Đường Quốc lộ 6 Km15+300, Hà Nội, Việt Nam","20.950090","105.747260","09562","Phường Yên Nghĩa","published_poi_vicinity","chainage_poi_anchor","false","Re-anchored near Bến xe Yên Nghĩa for QL6 Km15+300 corridor; exact chainage point should be validated against road layer.","chainage_poi_anchor","medium","published_poi_vicinity","true","true","21.037605","105.860377","00097","Phường Hồng Hà","false"
"VNE_20251007_115","Đường Quốc Nông Quốc Chấn","Đường Quốc Nông Quốc Chấn, Hà Nội, Việt Nam","20.960500","105.777000","09552","Phường Kiến Hưng","canonical_area_anchor","unresolved_toponym_area_anchor","false","Toponym “Quốc Nông Quốc Chấn” could not be uniquely reconciled with a mapped street; area anchor only. MUST field/manual-map validate before operational use.","unresolved_toponym_area_anchor","low","canonical_area_anchor","true","true","","","","","true"
"VNE_20251007_116","Đường Lê Lai","Đường Lê Lai, Hà Nội, Việt Nam","20.970800","105.779500","09556","Phường Hà Đông","canonical_street_anchor","street_canonical","false","Canonical Lê Lai Hà Đông street point; exact flooded segment is unspecified in raw record.","street_canonical","low","canonical_street_anchor","true","true","","","","","true"
"VNE_20251007_117","Phố Hạnh Hoa và  phố Xa La","Phố Hạnh Hoa và  phố Xa La, Hà Nội, Việt Nam","20.963082","105.791753","09556","Phường Hà Đông","reviewed_existing_anchor","corridor_anchor","false","Existing Hạnh Hoa/Xa La point retained as canonical corridor anchor.","corridor_anchor","medium","reviewed_existing_anchor","false","false","20.963082","105.791753","09556","Phường Hà Đông","false"
"VNE_20251007_118","Bà Triệu kéo dài","Bà Triệu kéo dài, Hà Nội, Việt Nam","20.964500","105.776000","09552","Phường Kiến Hưng","canonical_corridor_anchor","corridor_anchor","false","Canonical point on Bà Triệu kéo dài corridor; no unique endpoint supplied.","corridor_anchor","low","canonical_corridor_anchor","true","true","","","","","true"
"VNE_20251007_119","Đường Tô hiệu từ ngã ba Cầu Đơ cho đến ngã tư Bà Triệu","Đường Tô hiệu từ ngã ba Cầu Đơ cho đến ngã tư Bà Triệu, Hà Nội, Việt Nam","20.972400","105.777000","09556","Phường Hà Đông","canonical_segment_anchor","linear_midpoint","false","Canonical midpoint for Tô Hiệu from ngã ba Cầu Đơ to ngã tư Bà Triệu.","linear_midpoint","low","canonical_segment_anchor","true","true","","","","","true"
"VNE_20251007_120","Đường Lê Lợi từ ngã tư Tô Hiệu đến ngã tư Hoàng Hoa Thám","Đường Lê Lợi từ ngã tư Tô Hiệu đến ngã tư Hoàng Hoa Thám, Hà Nội, Việt Nam","20.972000","105.782500","09556","Phường Hà Đông","canonical_segment_anchor","linear_midpoint","false","Canonical midpoint for Lê Lợi from Tô Hiệu to Hoàng Hoa Thám.","linear_midpoint","low","canonical_segment_anchor","true","true","","","","","true"
"VNE_20251007_121","Phố Cửa Quán và Tuyến N41 N42 N42","Phố Cửa Quán và Tuyến N41 N42 N42, Hà Nội, Việt Nam","20.960000","105.769500","09552","Phường Kiến Hưng","canonical_area_anchor","area_anchor","false","Raw record combines phố Cửa Quán and internal tuyến N41/N42; canonical area anchor used, not a unique intersection.","area_anchor","low","canonical_area_anchor","true","true","","","","","true"
"VNE_20251007_122","Phố Đội Cấn","Phố Đội Cấn, Hà Nội, Việt Nam","21.036364","105.816385","00008","Phường Ngọc Hà","reviewed_existing_anchor","street_canonical","false","Full-name Đội Cấn match retained.","street_canonical","medium","reviewed_existing_anchor","false","false","21.036364","105.816385","00008","Phường Ngọc Hà","false"
"VNE_20251007_123","Khuất Duy Tiến - Trần Duy Hưng","Khuất Duy Tiến - Trần Duy Hưng, Hà Nội, Việt Nam","21.007000","105.791000","00367","Phường Thanh Xuân","canonical_intersection_anchor","intersection_anchor","false","Re-anchored to Khuất Duy Tiến–Trần Duy Hưng/Phạm Hùng junction complex; administrative boundary vicinity, canonical intersection point.","intersection_anchor","medium","canonical_intersection_anchor","true","true","","","","","false"
